Aakash,Barbhaya,0
Aaron,Hastings,0
Aaron James,Kuche,0
Abdelaziz,Boulesbaa,0
Abdelrahman,Eleish,0
Abdiana,Mercedes,0
Abdisalam,Yusuf Hassan,0
Abdulaziz Ahmed,Albaz,0
Abdulaziz,Aldhmash,0
Abdulaziz,Almutairi,0
Abdulaziz Kh H A H,Almuhanadi,0
Abdulaziz Sami,Alnuaim,0
Abdullah Ahmad,Alahmary,0
Abdullah,Alsharhan,0
Abdullah,Alsulaiman,0
Abdullah Khamis,Aldhaheri,0
Abdulmohsen,Alsuwailim,0
Abdulrahman,Alsafy,0
Abner,Delgadillo,0
Abraham,Aguirre Carranza,0
Abraham,Antanesyan,0
Abraham,Hinojosa,0
Abraham,Takkouche,0
Abram,St Amand Poliakoff,0
Abrar,Mohammad Abdulhadi,0
Abrianna,Delay,0
Adam,Chong,0
Adam,Watson,0
Adel,Wahner,0
Adela,Hernandez,0
Adela,Lara,0
Adelene,Africa,0
Adelino,Acosta,0
Adena,Park,0
Aditya,Bisheshwar Sood,0
Adonia,Faumuina,0
Adonna,Selby,0
Adrian,De La Torre,0
Adrian,Rosario,0
Adrian,Toomey,0
Adriana,Manago,0
Adriana,Noelle Carter,0
Afaf,Nash,0
Afsara Haque,,0
Ahmad,Al-Kudmani,0
Ahmad,Alajaji,0
Ahmad S A J,Benjumah,0
Ahmad S A M M A,Alazemi,0
Ahmed,A. Muhammad,0
Aidan,Alexander Forth,0
Aidan,Arnold,0
Aidan,Benedict Cullen,0
Aidan,Blake Singer,0
Aidan,Christopher Bien,0
Aidan,Davids,0
Aidan,Joseph Bacigalupi,0
Aidan,Lin,0
Aidan,Moriarty,0
Aidan,Morson,0
Aidan,Wattson,0
Aileen,Osborne,0
Aimal,Ali,0
Aiman,Parvaiz Fnu,0
Aishwarya,Sitaraman,0
Aivan,Francisco,0
Ajay,Kadus,0
Akimi,Scott,0
Akshay,Rao,0
Akshaya,Ravichandran,0
Alaa,Abdelrahim,0
Alain,Schlaepfer,0
Alain,Truong,0
Alaisha,Diahann Alexander,0
Alan,Chen,0
Alan,Dai,0
Alan,Goldfien,0
Alan,Mccreary,0
Alan,Soldofsky,0
Alan,Yu,0
Alan,Zhang,0
Alana,Achterkirchen,0
Alana,Austin,0
Alana M,Puerto,0
Alana,Martin,0
Alayet,Tesfaye,0
Albert,Marti I Sabari,0
Aldridge,Alegre,0
Alejandra,Luna,0
Alejandra,Valencia Medina,0
Alena,Mulina,0
Alexa,Natalie Vides,0
Alexander,Abraham Moore,0
Alexander,Santana,0
Alexandra,Helen Katsarelis,0
Alexandra Lynn,Havard,0
Alexma,Valadez,0
Alfaro,Emanuel,0
Ali Ahmed Saeed Saif,Alkaabi,0
Ali Haydar,Cakmak,0
Ali Syed,Husain,0
Alia Farhana,Abdul Ghaffar,0
Alia,Singh,0
Alice,Condodina,0
Alice,Fok,0
Alice,Parker,0
Alice,Pham-Myers,0
Alice,Schneider,0
Alice,Wu,0
Alice,Xiwen Huang,0
Alicia,Doyle,0
Alicia,Hansell,0
Alina,Lara,0
Alison,Cao,0
Alison,Ciling,0
Alison,El Ayadi,0
Alistair,G.S. Philip,0
Alivia,Krasner,0
Aliyah,Carr,0
Aliyah,Dixon,0
Aliyah,Mazyck,0
Aliyah Nicole,Tolosa,0
Allan,Morataya De Leon,0
Alma,R. Orozco,0
Alyssa,Mirabella Natividad,0
Alyssa,Rose Pagaduan,0
Alyssa Shirley,Cottle,0
Amalia,Saputri,0
Amanda,Melody Goldwater,0
Amanda,Tae,0
Amanda,Tian,0
Amani,Ali,0
Ameenah,Springer,0
Amha,,0
Amina,Cormier,0
Amina,Khairallah,0
Amina,Ly,0
Aminata,Jagana,0
Amir,Grunhaus,0
Amon,Tanaka,0
Amy,Gonzalez,0
Amy,Ramos-Pena,0
Amy Rose,Trejo,0
Ana,Bazgan,0
Ana,Canela,0
Ana,Cole Sagebiel,0
Ana,Felix,0
Ana,Julia Grein Moniz De Aragao,0
Ana-Maria,Guerrero,0
Ana Maria,Leon,0
Ana,Medel,0
Ana,Milisavljevic,0
Ana,Paunovic,0
Anabel,,0
Anahid,Girbal,0
Anahit,Hairapetyan,0
Analyse,Monique Gutierrez,0
Anam,Abbas,0
Anastasiia,Brigadnova,0
Anat,Balint,0
Andre,Buscariolli,0
Andrea Maria,Morales,0
Andres Armando,Baez,0
Andrew,Minarick,0
Andrew Omar,Osuna,0
Andrew Raymond,Lopez,0
Aneeqa,Abid,0
Angeli,Quililan Alejandro,0
Angelica Rose,Wilson,0
Angelina,Cabral,0
Angelina,Evelyn Genovese,0
Angelina,Gripp,0
Angelina,Hana Flores,0
Angelina Jana,Davis,0
Angelina,M Genovese,0
Angelina,Selvera,0
Angelo-Joseph,Tinio,0
Anh,Tu Hoang,0
Anika,Galagoda,0
Anike,Ashaka,0
Anita,Casco,0
Anita,Chen,0
Anita,Cornejo,0
Anita,Dhillon,0
Anita,Lakatos,0
Anita M,Simon,0
Anita M.,Mendoza,0
Anita,Osler,0
Anita,Singh,0
Anita,Sue Jwa,0
Anita,Tanniru Mohan,0
Anita,Tourah,0
Anita Y,Du,0
Ann,Sophie Abrahamsson,0
Anna,Bettina Toth,0
Anna Clarissa,Raguindin,0
Anna,Dennard Williams,0
Anna,Doan,0
Anna,Elizabeth Ascheman,0
Anna,Elizabeth Harmeling,0
Anna,Fomitchev,0
Anna,Fretz,0
Anna,Gabriela Gonzalez,0
Anna,Grace Schultz,0
Anna,Grzymala-Busse,0
Anna,H Grummon,0
Anna,Kaminitz,0
Anna,Katariina Ferrigno,0
Anna,Le,0
Anna,Lucy Wahl,0
Anna,Michelle Knapp,0
Anna,Niu,0
Anna,Ogi,0
Anna,Pede,0
Anna,Quan,0
Anna,Salazar,0
Anna,Sher,0
Anna,Syviengkham,0
Anna,Tran,0
Annabel,Lee,0
Annabel,Prins,0
Annalise Helen,Fonza,0
Annamariam,,0
Annamarie,Santi Sofranek,0
Annelise,Brett Downey,0
Annette,Marines,0
Annette,Truong,0
Annika,Sophia Pauline Khouri,0
Anoush,Van Der Kam,0
Anoushka,Gade,0
Anoushka,Makkad,0
Anthony Israel,Zarazua,0
Anthony,Jade Arya,0
Anthony,Kier Del Mundo,0
Anthony,Lara,0
Anuja,Dawane,0
Anya,Osborne,0
Anya,Ramsamooj,0
Apurvaa,Anand,0
Araceli A,Ayala,0
Araceli,Perez,0
Araceli,Velasco,0
Arad,Lopez,0
Aram,Krikor Meymarian,0
Aranvir,Grewal,0
Arash,Singh Grewal,0
Aravind,Ramamoorthy,0
Arcel Maria,Ruiz Topete,0
Archana,Ashok,0
Aref,Rahman,0
Ariana,Aboulafia,0
Ariana,Alcantar,0
Ariana,Deanda,0
Ariana,Eginli,0
Ariana Elise,Pickard,0
Ariana,Escobedo Viramontes,0
Ariana,Gonzalez,0
Ariana,Howard,0
Ariana Isabel,Lemus,0
Ariana Jessica,Hadaegh,0
Ariana,Lania,0
Ariana,Marie Puentes,0
Ariana Nicole,Cavero,0
Ariana,Nicole Ghalambor,0
Ariana,Rose Banerjee,0
Ariana,Rose Lowery,0
Ariana S,De Leon,0
Arianna,Cazares,0
Arianna,Fonyee Mah-Candelaria,0
Arianna,Garcia,0
Arianna Isabella,Pinedo-Raygoza,0
Arianna,Legrande,0
Arianna,Matthews,0
Arianna,Nava,0
Arianna,Perez Lopez,0
Arianna,Sievert,0
Arianna,Varela,0
Ariel,Guicheng Tan,0
Ariella,Mostov,0
Ariella,Nurit Nash,0
Aril Alok,Jain,0
Arion,Hadjioannou,0
Arisandy,Solano,0
Arissa,A Guerrero,0
Armand,Kuris,0
Armando,Blanco,0
Armando,Soto,0
Armando,Zepeda,0
Armine,Jermakyan,0
Artemis,Zavaliangos-Petropulu,0
Arvin,Artoonian,0
Arvin,Dicioco,0
Arvin,Manuba,0
Arvinder,Sehinsra,0
Arya,Channaveeraiah,0
Arya,Liev,0
Arya,Shamang,0
Aryan,Goyal,0
Aryan,Shah,0
Asad,Hasnat,0
Asad,Raza,0
Ashi,Seth,0
Ashley,De La Cruz,0
Ashley,Salazar,0
Ashley,Sayre,0
Ashley,Zazil Alvarado,0
Aslan,Choi,0
Asmani,Yamin,0
Aswad,S Khadilkar,0
Atahan,Akgun,0
Athena,Alejandra Araica,0
Athena,Aragon,0
Athena,Karavasilis,0
Atikiat,Sumayao,0
Audrey,Lin,0
Aung,,0
Ava,Brasch,0
Ava,C. Lindley,0
Ava,Caroline Walter,0
Ava,Elizabeth Azevedo,0
Ava,Haddock,0
Ava,Marie Cannon,0
Ava,Marie Jessen,0
Ava,Reece Gerber,0
Ava,Zhou,0
Avaneet,Rangi,0
Avella,Rose Herr Degennaro,0
Awwad,Yasin,0
Aydan,Lopresti,0
Aydin,Ulubay,0
Ayla Marie,Aispuro,0
Aymara,Zielina,0
Azar,Mukhida,0
Azia,Willis,0
Aziz,Khan,0
Aziza,Hutcherson,0
Azmir,Ransom,0
Azzedine,Arsalane,0
Bahia,Zarate,0
Balaji Srinivasan,Santhanam,0
Balaji,Venkatraman,0
Barbara,Burger,0
Barbara,Lemaster,0
Basil,Peter Christian Evans,0
Basmah,Abdalla,0
Bassam,Albassam,0
Bella,Centofante,0
Beller,Daniel,0
Bellofatto,Jodon,0
Benjamin,Celaya,0
Benjamin,Daniel Birnbaum,0
Benjamin,Gutierrez,0
Benjamin,Jameson-Ellsmore,0
Benjamin,Lopez,0
Benjamin,N Whittaker,0
Benjamin,Raskob,0
Benjamin,Short,0
Benjamin,Shpringer,0
Benjamin Thomas,Squire,0
Benjamin,Wiederholt,0
Benjie,Rosario I,0
Bernadett,Mahanay,0
Bertha Alicia,Munoz-Rios,0
Bianca,Coronado,0
Bianca,Hussey,0
Bianca,Mccloud,0
Blanca Arena,Samano,0
Boiano,Daniel,0
Brandon,Alan Freudenstein,0
Brandon,Paris,0
Brandy,,0
Breanna,Byrd,0
Brenda,Larios,0
Brianna,Alarcon,0
Brianna,Barrientos,0
Brianna,Lynn Greene,0
Brianna,Nava,0
Briseida,Perez-Gomez,0
Bronsen,Giovanni Lasala,0
Bruce,A Thompson,0
Bryan,Isai Rodriguez,0
Bryan,Zarate-Segura,0
Busaba,Tantipana,0
Cailyn Danielle,Reyes,0
Caitlyn,Minas,0
Caleb James,Quindt,0
Cameron,Cosey,0
Cameron,King,0
Cameron,Massey,0
Cameron,Mccaa,0
Cameron,O'Connor,0
Cameron,Seams,0
Camila,Almeida,0
Cann,Kevin,0
Cardona,Evelyn,0
Carey,Cooper Odden,0
Carina,Esmeralda Arias,0
Carissa,Betances,0
Carlie,Milinda Spears,0
Carlos,Lara,0
Carmen,M. Allison,0
Carmin,Tomassi,0
Carol,Cartagena-Rivera,0
Carolyn,Aronson,0
Carolyn,Nelson,0
Cassandra,Arias,0
Catherine,Shir,0
Cecilia,Carrillo,0
Cecilia,Manibo,0
Celso,Arango,0
Cesar,Gabriel Ramirez,0
Cesar,Valdovinos,0
Chang,Kaylee,0
Charlene,Macharia,0
Charles,Marmar,0
Cherie,Chelsea Alanna Francis,0
Chloe,Jasmine King,0
Chloe Sophia,Samson Galang,0
Chris,Pratorius GÃ³mez,0
Chrissy,Sandman,0
Christian,David Alvarado,0
Christian,Simamora,0
Christie,Danielle Gil,0
Christina,(Tina) Jones,0
Christina Anna,Valiente,0
Christina,Aushana,0
Christina,Baghdasarian,0
Christina,Boatwright,0
Christina,Carter-Brown,0
Christina,Cavender,0
Christina,Diggs,0
Christina,Duzan,0
Christina,Eads,0
Christina,Estrada,0
Christina F.,Garcia,0
Christina,Federico,0
Christina,Helena Lange,0
Christina J.,Azevedo,0
Christina,Johnson,0
Christina,Kuhr,0
Christina,Lay,0
Christina,Lopez,0
Christina,Luu,0
Christina,Marie Ayson Plank,0
Christina,Marotta,0
Christina,Mune,0
Christina,Orcutt,0
Christina,Parziale,0
Christina,Peters,0
Christina,Raquel,0
Christina,Reif,0
Christina,Talamantes,0
Christina,Tasulis Williams,0
Christina,Tejeda,0
Christina,Wa,0
Christine M,Jaramillo,0
Christine,Nakahara,0
Christine,Navarro,0
Christopher B.,Donnan,0
Christopher,Gonzalez,0
Christopher Omar,Davalos,0
Christopher,Vaughan,0
Claire,Jarabe Navarro,0
Clara,Brannan Murphy,0
Clara Luz,Robledo,0
Clarissa,Berganza,0
Clarissa,Saunders-Newton,0
Claudia,Evans-Zepeda,0
Claudia,I P Macaubas,0
Claus Benjamin,Freyinger,0
Clementina,Aragon,0
Clifford,Diedrick,0
Colby James,Smith,0
Colt,J Hangen,0
Constantina,Konugres,0
Cooke,Ian,0
Corinne,J O'Connell,0
Courtney,Alison Gegg,0
Cristina,,0
Cristina,Arakelyan,0
Cristina,Avina,0
Cristina,Camp Coronado,0
Cristina,Digioia,0
Cristina,Faiver,0
Cristina,Foster,0
Cristina,Gago,0
Cristina,L Fusari,0
Cristina M,Perez,0
Cristina,Martinez Mortola,0
Cristina,Ramirez,0
Cristina,Rivera,0
Cristina,Velarde,0
Crystal,Quintanar,0
Cydney,Maria Steward,0
Cyrus Ali,Raji,0
Cyrus,Cameron Basharkhah,0
Cyrus,Hung,0
Cyrus,Li,0
Cyrus Mondon,Davis,0
Cyrus,Remmell,0
Czarina Marie,De La Torre,0
Dalilah,Cruz,0
Dalilia,Stewart,0
Dan,Hoang,0
Dan,Linz,0
Dan,Patrick Boatman,0
Dana,Beck,0
Dana,Corrough,0
Dana,Eaton,0
Dana,Elizabeth Jeffs,0
Dana,Garfin,0
Dana,Hill,0
Dana,Huffman,0
Dana,Hughes,0
Dana,Kwan,0
Dana,Mathews,0
Dana,Ramalho,0
Dana,Swensen,0
Dana,Zaverukha,0
Dana,Zimmerman,0
Dandys Alexander,Payeras Gonzalez,0
Dane,Crockford,0
Danial Alan,Bartlett,0
Danial Mohammad,Malik,0
Daniel A,Castro-Rovira,0
Daniel,A Pyenson,0
Daniel A,Rodriguez,0
Daniel,A. O'Neill,0
Daniel,Ahn,0
Daniel,Almanza,0
Daniel,Almendarez,0
Daniel,Andrey Yankin,0
Daniel,Angel Herrera,0
Daniel,Anthony Mcfarland,0
Daniel,Behrendt,0
Daniel,Beltran,0
Daniel Bryan,Pugh,0
Daniel,Chavez Jimenez,0
Daniel,Chengliang Yang,0
Daniel,Corcuera,0
Daniel,Cuevas,0
Daniel,D. Van Winkle,0
Daniel,Degravel,0
Daniel,Dewitt Davis,0
Daniel Edgardo,Sanchez,0
Daniel,Esparza,0
Daniel,Gavidia,0
Daniel,Guo,0
Daniel,Hendel De La O,0
Daniel,Hojin Jung,0
Daniel J,Burk,0
Daniel,Karasik,0
Daniel,Kenneth Angell,0
Daniel,Langston,0
Daniel Luke,Perez,0
Daniel,Magno,0
Daniel,Martinez,0
Daniel,Martinez,0
Daniel,Paul Zimmer,0
Daniel,Paulo-Wach,0
Daniel,Raygoza,0
Daniel,Ryu,0
Daniel,Sanchez,0
Daniel,Shaul,0
Daniel,Stack,0
Daniel,Tan,0
Daniel,Villalon,0
Daniel,Yicheng Zhang,0
Daniela,Attia,0
Daniela,Benavides,0
Daniela,Curi,0
Daniela,Dennis Garcia Ortega,0
Daniela,Elias,0
Daniela,Kaye Tolchinsky,0
Daniela,Lara,0
Daniela,Loaiza-Martinez,0
Daniela,Loor Alvarado,0
Daniela,Markovic,0
Daniela,Navarro De Sanchez,0
Daniela,San Elias Cervantes,0
Daniela,Soleri,0
Daniela,Sossa,0
Daniela,Tena-Perez,0
Daniele,Leo Capuano,0
Daniella Alexia,Ayala,0
Danielle,Aziz,0
Danielle Blessing,Alcala,0
Danielle,Crowder,0
Danielle,Dahle,0
Danielle,Gillingwater,0
Danielle,Huffine,0
Danielle,Kamis,0
Danielle,Kim,0
Danielle,Noble,0
Danielle,Rinehart,0
Danielle,Tiesma,0
Danielle,Toussaint,0
Danielle,Trent,0
Danyah,Alhajri,0
Dara,Hok,0
Dara,Nash,0
Dara,S Mckenzie,0
Darartu,Mohamed,0
Daria,Alexandra Kovalev,0
Daria,Anise-Jean Williams,0
Darian,Eileen Lee,0
Darian,Hall,0
Darian,L Brooks,0
Daritza,Garcia Ramirez,0
Darius,Marcelle Billingsley,0
Darius,Price,0
Darius Shi Rui,Koh,0
Darshana Sreedhar,Mini,0
Dava,Casoni,0
Dave,Kohl,0
Dave,Koren,0
David,,0
David,Mendez,0
David,R Casper,0
Davin,Mendez Sherwin,0
Davis,Larry,0
Dayanna,Campos Vallejo,0
Dayna,Hassan,0
Deena,Margolin,0
Deja,Sambath,0
Deleon,Alicia,0
Delilah,Alvarez,0
Dena,Giovinazzo,0
Dena,Levenson,0
Dena R.,Herman,0
Dena,Sexton,0
Denise,Carrillo,0
Denise,Feinsod,0
Denise,Fisher,0
Denise G,Diaz,0
Denise,Jones,0
Denise,Miranda,0
Denise,Montell,0
Denise,Perez,0
Denise,Perez,0
Denise,Solis,0
Denise,Thomas,0
Denise,Villalvazo,0
Deniz,Alcan,0
Deniz,Can Kayiran,0
Deniz,Karanfil,0
Dereck,J Aguilar,0
Devin,Carrillo,0
Devrick,Heather,0
Diana Pacanan,Maniacop,0
Diana,Ramirez,0
Diana,Rowan,0
Diego,Armando Jones,0
Diego Isai,Henriquez,0
Dilan,Samarawickrama,0
Dina,Martin,0
Dina,Mismar,0
Dinah,Sylvester,0
Dinh,Dinh Sam,0
Divya Bharadwaj,Yellapragada,0
Divya,Mary Kurian,0
Divyanshu,Jalther,0
Diya,Dodwad,0
Donna,Anderson,0
Donna,Armstrong,0
Donna,Coulson,0
Donna,Emein,0
Donna,Kim,0
Donna L.,Katz,0
Donna,Lin,0
Donna,Meir,0
Donna,Mendes,0
Donna,Nordstrom,0
Donna,Pono,0
Donna,Robinson,0
Donna,Taylor,0
Donna,Toulmin,0
Dorian D,Estes,0
Douglas,Navarick,0
Dr,Shannon D Salyer,0
Dr. Karen S.,Langlois,0
Dr.,Linda Navarrette,0
Dr. Melissa D.,Aaron,0
Dr.,Omar Robles,0
Dr. Samir J.,Anz,0
Dylan,Makana Olson,0
Dylan,Scott Goldfine-Middleton,0
Eamon Brandon James,Mcevoy,0
Earl James,Tizon,0
Eboni,Threatt,0
Edson Omar,Natareno,0
Eduardo,Gandara,0
Edward,Savage,0
Edwin,Alarid,0
Ekkawat,Sae-Jee,0
Elana,Makovsky,0
Elana,Moriarty,0
Elana,Muroff,0
Eliana,Mata,0
Elina,,0
Elina,Bagdasarova,0
Elina,Pratap Singh,0
Elisabeth C.,Le Guin,0
Elisabeth,Honka,0
Elisabeth Ingeborg,Mogard,0
Elisabeth,Jacobson,0
Elisabeth Jane,Sedano,0
Elisabeth,Lee,0
Elisabeth,Roberts,0
Eliza,Joan Norah Beam,0
Elizabeth,A. Ankrah,0
Elizabeth A.,Reyes,0
Elizabeth Ashley,Skillens,0
Elizabeth K,Mathew,0
Elizabeth K.,Tracy,0
Elizabeth,Pasquali,0
Elizabeth,Pye,0
Elizabeth,Rios,0
Ellen,Ruth Rose,0
Ellianna,Claudio,0
Ellie,Andrews,0
Ellie,Chan,0
Ellie,King,0
Ellie,Livni,0
Ellie,Salazar,0
Emad,Ghouth,0
Eman,Ali,0
Emelina,Choi,0
Emily,Anna Plazanet,0
Emily,Bishay,0
Emily,Denise Bedell,0
Emily,E Madigan,0
Emily Rose,Aguirre,0
Emio,Zizza,0
Emjay,,0
Emma,Jay Pollasky,0
Emmalena,Schulte,0
Emmelina Rose,Najera,0
Epiphany Ariyana Reign,Porter,0
Erfan,Yang,0
Eric,Goldbeck-Dimon,0
Eric,Iverson,0
Erit,Mohamed Basha,0
Erlyana,Erlyana,0
Escalante Meza,Hector,0
Esmeralda,Ramirez,0
Esmeralda V,Hilario,0
Essau,Amir Zuberi Robins-Bilal,0
Esteban,Cambronero Saba,0
Esther,Marquez,0
Ethan H,Rosell,0
Evelina,Mnatsakanyan,0
Evelyn,Sophia Pizer,0
Fadda,Sara-Lutfi Manasrah,0
Fady,Saied,0
Fahad Mohsen A,Almansouri,0
Faith,Yusuff,0
Falak,Zaidi,0
Fang,Yao,0
Farah,Priyanka Ahmed,0
Faraz,Givekay,0
Farheen,Basith,0
Fariah,Mahzabeen,0
Farzana,Banikzai,0
Fathuma,Mohamed,0
Fatima,A Chavez,0
Fatima,Gabriela Mendoza Choto,0
Fatima,Hidalgo,0
Fatima,Magana-Chavez,0
Fatima,Martinez,0
Fatima,Minerva De Jesus,0
Fatima,Sanchez Avila,0
Fatimah,Alnasser,0
Felicia,Renata Sinaga,0
Feras Hamid,Rowaihy,0
Ferdinand,Rivera,0
Folasade,May,0
Franchesca,Diana Garcia,0
Francis,M Ge,0
Gardezy,Jessica,0
Garooneh,Avanessian,0
Garrett James,Petracek,0
Gavin James,Sullano,0
Gena P.,Gunawan,0
Genesis,Lucia Castaneda Munoz,0
George,Ayoub,0
George,Garcia,0
George,L. Paris,0
Gerard Allan Villacorte,Manangan,0
Ghalib,Manjurr,0
Gillian,Rose Mendoza,0
Gina,Lyster,0
Giselle,Denae Nava,0
Glenah Ebilane,Delvo-Ebilane,0
Goldie,Shih,0
Goyal,Sachin,0
Grace,Chu,0
Grace,Livingstone,0
Grace,Petrash,0
Graham,Ethan Miller,0
Graham,Keyston,0
Graham,Sandelski,0
Gregory,Thomas Woolston,0
Greta,Falanga,0
Guerrero,Araceli,0
Guillen,Angelica,0
Gurnoor,Kaur,0
H,Alan Schwettman,0
Hailey,Denise Hernandez,0
Halle,Annika Bohlig,0
Hamish,Marshall Nicholas Carr Delgado,0
Hana,A S M Aljassim,0
Hana,Chang,0
Hana,Hight,0
Hana,M Bruno,0
Hana,Ongwongsakul,0
Hana,Rebecca Schiff,0
Hana,Safiya Doueiri,0
Hana,Tran,0
Hanan,Bder,0
Hanan,Mubarez,0
Haneef,Mohamed,0
Haniel,Paulos,0
Hanna,Deringer,0
Hanna,Ma,0
Hanna,O'Connor-Rigby,0
Hannah,Abramowitz,0
Hannah,Adams,0
Hannah,Allegakoen,0
Hannah,Buckling,0
Hannah,Choi,0
Hannah,Cussen,0
Hannah,De La Riva,0
Hannah,Elizabeth Malone,0
Hannah,Evangelista,0
Hannah,Fausnaught,0
Hannah,Flynn,0
Hannah,Franco,0
Hannah,Freund,0
Hannah,Fritz,0
Hannah,G Carter,0
Hannah,Gabriella Clay,0
Hannah,Gail Prausnitz-Weinbaum,0
Hannah,Greenwald,0
Hannah Hageman,Licari,0
Hannah,Hapich,0
Hannah,Hennelly,0
Hannah,Hudson,0
Hannah,Justine Rushing,0
Hannah,Katherine D'Apice,0
Hannah,Kim,0
Hannah,Kinkel Bassett,0
Hannah,Kubat,0
Hannah,Leach,0
Hannah,Leehan Wang,0
Hannah,Logsdon,0
Hannah Lourdes,Solano,0
Hannah,M Minter,0
Hannah,Marie David,0
Hannah,Marie Maul-Newby,0
Hannah Maxine Arevalo,Tamayo,0
Hannah,Mulroe,0
Hannah,Powell,0
Hannah,Rice,0
Hannah,Ryu,0
Hannah,Sandeen,0
Hannah,Scanlan,0
Hannah,Schlaerth,0
Hannah,Schoettmer,0
Hannah,Skolnik,0
Hannah,Smith,0
Hannah,Stewart,0
Hannah,Sybil Laqueur,0
Hannah,Veltchev,0
Hannah,Villasenor,0
Hannah,Whipple,0
Harish Kumar Balachandra,Bellamane,0
Harish,Phuleria,0
Harsh,Narayan Jha,0
Harutiun,Minas Nalbandian Geymonat,0
Hasan,Khasraw,0
Hasan,M Khalaf,0
Hasan,Masud,0
Hassan,Al-Jahni,0
Hatice,Sadikoglu Asan,0
Haydin,Zogaric,0
Hazel,,0
Heather,Maria Kelly,0
Heidi,Crow,0
Heidi,Francis,0
Heidi J.,Ried-Gonzaga,0
Heidi,Marie Benefiel,0
Heidi,Rubio,0
Heidi,White,0
Heidi,Wilson,0
Heidy K,Jimenez,0
Heilan,May Manipon,0
Helen,Amey,0
Helen,Branyan,0
Helen,Chong,0
Helen,Couclelis,0
Helen,Diiulio,0
Helen Hoi Yan,Leung,0
Helen,Katherine Zaccari,0
Helen,L Gettinger,0
Helen,Lee,0
Helen,Ruggiero,0
Helen-Vanessa,,0
Helen,Vuong,0
Helen,Walker,0
Helen,Wei,0
Helen,You,0
Helen,Zhao Chen,0
Helena,Bogale,0
Helena,C Kraemer,0
Helena,Chiang,0
Helena,Chung,0
Helena,Curtis,0
Helena,Harvilicz,0
Helene,Broekhuysen,0
Helene,Jouin,0
Helene,Zaffiro,0
Henna,S. Noor,0
Hilary,Dorman,0
Hilary J,Baker,0
Hilary,Johnson,0
Himanshu Hemant,Kulkarni,0
Himanshu,Jain,0
Hiroyasu,Kawai,0
Hitanshu,Desai,0
Hnidey,Janet,0
Hodari,Harris Ii,0
Homaira,Tahmass,0
Huda,Hagawe,0
Ibad,Ali,0
Ibrahim A.,Badroos,0
Ida Marie Jacinta,Faolotoi,0
Idalia,Gonzalez,0
Ilai,Bistritz,0
Ilana,,0
Ilana,Michelle Berger,0
Ilaria,Chen,0
Ilia,Nikiforov,0
Iliana,Freeman,0
Ilianna,Richards,0
Illiana,Villarreal,0
Iman,Salty,0
Imani,Odunze,0
Irene,Gonzalez,0
Irene,Huang,0
Irene,Kim,0
Irene,Pool Zarate,0
Irene Ya-Ling,Hsu,0
Isaac Anthony,Garcia,0
Isaac,Arnell Rico,0
Isaac Cooksey,Tamara,0
Isaac Gabriel,Monney,0
Isaac,Hong,0
Isaac,Noriega,0
Isaac P,Sanchez,0
Isabel,,0
Isabella,Allen,0
Isabella,Matragrano,0
Isabella,Pilgaard,0
Isabella,Rhiannon De Vlieger,0
Isabelle Kristine,Rangel,0
Isha,Nikki Sheemar,0
Islamul,Haque,0
Ivan,Aguilar,0
Ivan,Ayro,0
Ivan,Benedict,0
Ivan,Flores Rocha,0
Ivan,Lam,0
Ivan,Miranda,0
Ivette,Vargas,0
Ivon,Murillo Zaragoza,0
Iysha,Mahmood,0
Izak Richard,Moe,0
Izzy,Kleiman,0
Jackson,Roddy,0
Jackson,Sevieux,0
Jacob,Alan Rubenstein,0
Jacob,Mason Frazier,0
Jacob,Samuel Benheim,0
Jacqueline,Huang,0
Jacqueline,Saldana Franco,0
Jade,Adalena Araujo,0
Jailene,Tzintzun Mentado,0
Jaime,Marian,0
Jairo,Benjamin Garcia,0
Jake,Fulton,0
Jalen,Conway,0
James,A. Wilson,0
James,Andersen,0
James,Bunma,0
James,Carcich,0
James,Halls,0
James J,Yokoyama,0
James,Kerr,0
James,Miller,0
James,Moore,0
James,Peterka,0
James,Prescott Gagnon,0
James,Yang,0
Jana,Bester,0
Janae,Daw,0
Janani,Rajasekaran,0
Janavi,Bathala Vijayabhaskar,0
Janay,Jones,0
Janay Monique,Bombino,0
Janelle,Gollaba,0
Janice,,0
Jannat,Ara Meem,0
Jarad,Hrusovsky,0
Jared,Haygood,0
Jasmine,Alyssa Moret,0
Jasmine,Bae,0
Jasmine,Chan,0
Jasmine,Godinez-Gonzales,0
Jasmine,Janine Fuentes,0
Jasmine Johanna,Peralta,0
Jasmine,Karkafi,0
Jasmine,Kaur,0
Jasmine,Kono-Song,0
Jasmine Maggie My-Ha,Chau,0
Jasmine,Moore,0
Jasmine,Rose Lara,0
Jasmine,Rose Marie Blair,0
Jasmine,Santoyo,0
Jasmine,Velasquez Garcia,0
Jasmine,Yang,0
Jasmine,Yumiaco,0
Jasmine Yvette,Acosta,0
Jawaad,Ahmad,0
Jaxsen,Taylor Aguilar,0
Jay,Bhayani,0
Jay,Cantiberos,0
Jay,Creech,0
Jay,J Han,0
Jay,Kuncl,0
Jay Luther,Lim,0
Jay,Nagpal,0
Jay,Qu,0
Jay,S Agarwal,0
Jay,Shah,0
Jay,Tsuruoka,0
Jaya Nicole,Melton,0
Jaycie,Ching,0
Jayla,Miles,0
Jaylin A,Solis,0
Jayme,Jones,0
Jayme,Wilson,0
Jaymee,Moran,0
Jayne,Howell,0
Jayui,Sato,0
Jeff,Greenberg,0
Jeffrey,Cardenas,0
Jelilat,Majekodunmi,0
Jen,Brookshire,0
Jena,M Yamada,0
Jenn,Alandy Trahan,0
Jenna,Tantillo,0
Jennifer,Delara,0
Jennifer Sarah,Morales,0
Jennyfer,Fernanda Sanabria,0
Jeremiah,Boone,0
Jeremiah,Thomas,0
Jeremy,Parker,0
Jeriecho,Noriega,0
Jerome,Davis,0
Jessica,Alix Macdonald,0
Jessica,Ann Bulleri,0
Jessica,Gaytan Rivera,0
Jiana,Boston,0
Jianna,Dehoyos,0
Jianshu,Tang,0
Jiao,Sima,0
Jibriel,Ahmed Taha,0
Jim,Miller,0
Jinann,Alzaghari,0
Jocelyn,Mariona Del Cid,0
Joe,Perez,0
Joe,Sabatino,0
Joelle,Anna Jung,0
Johan Omar,Navarro Quinones,0
John,Doyle,0
John,Mcdaniel,0
Jon,Marshalik,0
Jonavan,Castaneda,0
Jordan,Aboites,0
Jordan,Annara Lesnick,0
Jordana,Feldstein,0
Jordyn,Roza,0
Joseph A,Galasso,0
Joseph,Dean Immanuel Sarabia,0
Joseph Nour,Innabi,0
Joseph Raymond,Go,0
Joshua L,Kamins,0
Josue,Daniel Solano Romero,0
Joumana,Dakour,0
Juan,Anaya Castillo,0
Juan,Andrei Medialdea Villanueva,0
Juanita,Maria Chabot,0
Judith,Sarah Goncalves,0
Judy,Van Leuven,0
Juha,Daniel Gogulski,0
Julia,Adela Palacios,0
Julia,Diaz,0
Julia Elizabeth,Neris,0
Juliana,Choi,0
Julie,Inami,0
Juliette,Lynn Musante,0
Julio,Navarro Eguino,0
Jullian,Carlisle Vidamo,0
Kaden,Jay Loring,0
Kaila,Ann Riester Graham,0
Kaily Donna,Gattenyo,0
Kaitlin Kimberlee,Medina,0
Kali,Sophia Lucas,0
Kalmin,Ali,0
Kalyanee,Chendke,0
Kalyani,Gonde,0
Kami,Karen Anderson,0
Kamil,Borkowski,0
Kamilah,Mayfield,0
Kamile,Lengvyte,0
Kamilla,Mundbjerg,0
Karen,Aiko Rivera,0
Karen,Arias Melgar,0
Karen,Asraf,0
Karen,Barrett,0
Karen,Butler,0
Karen,C. Chang,0
Karen,Carrillo,0
Karen,Crespo Triveno,0
Karen D,Mariano,0
Karen,Diaz Ledesma,0
Karen,Dodson,0
Karen,I Kalinsky,0
Karen,Josey,0
Karen,Kanahale Ho,0
Karen,L Semkiw,0
Karen,Lopez,0
Karen,Manor,0
Karen,Michele Nikos-Rose,0
Karen,Perez Ramirez,0
Karen,Polster,0
Karen,Romero,0
Karen,Rosenak,0
Karen,Seo,0
Karen,Smith,0
Karen,Stocker,0
Karen,Wong,0
Karen Y.,Lau,0
Karenia,Clark,0
Karianne,Terry,0
Karina,Batek,0
Karina,Farris,0
Karina,Gonzalez Calderon,0
Karina I,Camarena,0
Karina,Isabel Garcia,0
Karina,Jasmine Duarte,0
Karina,Lopez,0
Karina,Malad,0
Karina,Martinez,0
Karina,Onofre,0
Karina,Ramirez Martinez,0
Karina Roselle,Tanguilig,0
Karina,Zapata,0
Karissa,Gervais,0
Karla,Salazar,0
Kasem,Toubat,0
Kashan,Ahmed,0
Katelyn Rose,Faber,0
Kathryn,King,0
Kathryn,Lynch,0
Kathryn,Meister,0
Kathryn,Neupert,0
Kathryn,Rivas,0
Katia,Jamilet Aguilar Suarez,0
Katrina,,0
Katrina,Anne Apostol,0
Katrina,Hermoso,0
Katrina,Hill,0
Katrina,Jones,0
Katrina L,Jandl,0
Katrina,Liera,0
Katrina,Paris,0
Katrina,Sison,0
Katrina,Wolfe,0
Katy,Lopez-Sanchez,0
Katya,Richardson,0
Kaushalya,Kumarihami,0
Kayla,Anfang,0
Kayla,Berghoff,0
Kayla,Nannini,0
Kayla,Nguyen,0
Kayla,Paredes,0
Kayla,Tennyson,0
Kaylan,Ngo,0
Kaylee,Sarah Mcnitt,0
Keith,Gordon,0
Kelley,Anne,0
Kelly,Mikiko Gates,0
Kelly,Reese Niethammer,0
Kelly,Samantha Benitez,0
Kendall,Maye Thomas,0
Keri,Pennebaker,0
Kevin,Rabara,0
Khaled,Yatim,0
Khamo,Amanda,0
Kia,Abdus-Sabur,0
Kiaja,Thomas,0
Kian,Banks,0
Kian,Jeshion-Nelson,0
Kian,Joseph Salstrand,0
Kian,Sutarwala,0
Kiana Cecilia Aurora,Fernandez,0
Kiana,Dantes,0
Kiana,Sinn,0
Kiani,Sienna Reis,0
Kianna,Armstrong,0
Kianna,Campbell,0
Kianna,Cruz,0
Kiara,Cuellar,0
Kiara,Ota,0
Kim,,0
Kim,Changho,0
Kim,Deniz,0
Kimberley,Czupil,0
Kimberly,Aralar,0
Kimiko,,0
Kinara Himanshu,Shah,0
Kiran,Bharadway,0
Kiran,Gupta,0
Kiran,Matam,0
Kiyana,Sefenya Cole,0
Kiyani,Carter,0
Kohinoor,Chatterjee,0
Koustubh Prasanna,Bagade,0
Krishna Kanth,Sattiraju,0
Kristina,Cuthbertson,0
Kristina K,Meshelski,0
Kristina,Lankford,0
Kristina,Matysik,0
Kristina,Medrano,0
Kristina,Nhim,0
Kristina,Sivas,0
Kristina,Summers,0
Kristina,Tatiossian,0
Krisztina,Fodor,0
Kumpf,Carina,0
Kunal,Gaurang Shah,0
Kurt,Gilbert Freeman,0
Kyana,Huang,0
Kyle,Goguen,0
Kyle,Hall,0
Kyle,Mombell,0
Kyle,Moore,0
Kyle,N Kaneshiro,0
Kyle,Nicolaides,0
Kyler James,Lovett,0
Kylie,Samantha Gordon,0
Ladena,Huey,0
Laiba,Hasan,0
Laila,Gudrais,0
Laila,Mae Kelly,0
Laila,Maria Delgado,0
Laila,Muhammad,0
Laila,Nicole Lawson,0
Lana,Pinsky,0
Lance,Vera,0
Lara,Duvison,0
Lasana,Tunica-El,0
Laura,Denardo,0
Laura,Lin,0
Laura,Mercedes Aguilera,0
Laura,Wilson,0
Lauren,Annaleen Courtney,0
Laurie,A Carnahan,0
Laurie Elizabeth,Skenes,0
Lavasjah,Williams,0
Layah,Ziaii-Bigdeli,0
Layla,Aboufares,0
Layla,Daniella Rivas,0
Layla,J Chapman,0
Layla S,Fijany,0
Laylah,Fairley,0
Leah,Eliza Balter,0
Leila,Fuentes,0
Leila,Rosenberg,0
Leila,Sapra,0
Leila,Vlasko,0
Leila,Yasha,0
Leilani,Rimmer,0
Leily,Zhu,0
Leilynne,,0
Lenae,Joe,0
Leonardo,Aliaga,0
Leonardo,Blanco,0
Leonardo,Harrison,0
Levi Samuel,Velasquez,0
Leyla H,Delgado,0
Li,Romo,0
Liana,,0
Liana,Ching,0
Liana,Cristina Epperson,0
Liana,Pappas Simonelli,0
Liangliang,Li,0
Lila,Gregory,0
Lila,Reinecke,0
Lila,Singh,0
Lilah,Akin,0
Lilah Jazmin,Frausto,0
Lili,Hoffman,0
Lili,Hu,0
Lilia,Earnest,0
Lilia,Tapia,0
Lilia,Van,0
Lilian,Lazo,0
Liliana,De Santiago,0
Liliana,Iglesias,0
Liliana,Pleitez,0
Liliana,Rivera,0
Lilianna,Quinones,0
Lilit,Gabrielyan,0
Lilit,Kasalian,0
Lilit,Mikayelyan,0
Lilit,Sarian,0
Lilly,Donkel,0
Lilly,Lau,0
Lilly,Luyao Akeyson,0
Lilly,Patty,0
Lilly,Zhou,0
Lily,Brickman,0
Lily,Fitzgibbon,0
Lily,Her,0
Lily,Hitchner,0
Lily,Hwang,0
Lily,Irene Delgrosso,0
Lily,Kerrigan,0
Lily,Ko,0
Lily,Lee,0
Lily,Li,0
Lily,Mary Faris,0
Lily,Medina Jara,0
Lily,Poe,0
Lily,Taylor-Hunt,0
Lily,Villegas,0
Lilyanne,Ohanesian,0
Lin,Jian,0
Lina,,0
Linda,Becerril,0
Linda,Braak,0
Linda,Castro,0
Linda,Cornett,0
Linda,Dang,0
Linda,E Foppiano,0
Linda,Garcia,0
Linda,L. Usoz,0
Linda M,Woo,0
Linda,M. Saunders,0
Linda,Marks,0
Linda,Okoye,0
Linda,Perez,0
Linda,Remy,0
Linda,Richardson,0
Linda,Saechao,0
Linda,Ung,0
Lindsey Donnally,Rodriguez,0
Lisa,Mondaca Holt,0
Lisa,Popkoff,0
Lisa,Romero,0
Lisa,Schilz,0
Lisa,Wright,0
Lissa D,Ramirez- Stapleton,0
Lissandra,Arias,0
Lizzette,Galaviz,0
Lor,Maichi,0
Lorelei Rosemary,Claxton,0
Louhuni,J Talavou,0
Lucas,Emory Rosevear,0
Lucas,Mustafa Semin,0
Luke,Thomas Mello,0
Luz,J Aristizabal Martinez,0
Luz Maria,Guerrero,0
Lynda,Haliburton,0
M.,Usman Ahmad,0
Ma. Bien Elizabeth,Delfin,0
Maddie,Gonzalez,0
Maddie,Izzard,0
Maddison,Boden,0
Maddy,Peng,0
Madeleine,Bea,0
Madeleine,Rodriguez,0
Madeline,Hanson,0
Madeline,Mcnulty,0
Madeline,Yesenia Ramos Lopez,0
Madhavi,Murty,0
Madison,Francis Ayson,0
Madison,Rose Kelly,0
Mahammad,Shirinov,0
Mahdee Omar,Rahman,0
Mahina,Tabassum Mitul,0
Mahmoud,Wagdy,0
Mahnoor,Bhatti,0
Mai,Mahmoud Mostafa,0
Maila,Willems,0
Makoto,Samura,0
Malakai,Peterson,0
Malik Omari,Andrews,0
Malik Salaam,Ali,0
Malikah Sulaiman H,Alyahya,0
Maliyah,Coye,0
Manahil,Asghar,0
Manali,Kale,0
Manami,Hayashi,0
Manan Vijay,Vyas,0
Manasa,Adeni,0
Mangshar M,Hussein,0
Manik,Arora,0
Maninder,Singh,0
Manish,Manandhar,0
Manisha,Bishnoi,0
Mansour,Alhazmi,0
Mansour,Alsaleh,0
Maral Laurie,Mardirossians,0
Maram,Alnaffaie,0
Maram,Alsubaei,0
Marco,Scardina,0
Marcos,Aguilar,0
Margaret,Carrasco Arias,0
Maria,(Maru) E Fernandez Terrasa,0
Maria,Adelaida Ortega,0
Maria,Aldana,0
Maria Alexandra,Ruiz,0
Maria,Alexandrovna Aleshin,0
Maria Altagracia,Medina Alva,0
Maria,Alvarez,0
Maria,Burias,0
Maria,Cervantes Ventura,0
Maria,Climaco,0
Maria Cristina,Dar,0
Maria,Cynthia Eva-Silva,0
Maria,D Floresdegama,0
Maria,Del Refugio Hermosillo,0
Maria,"Diaz, M.D.",0
Maria,Dumaguin,0
Maria,Emma Padilla Romero,0
Maria Fernanda,Franco,0
Maria,Fernanda Pallares Leoni,0
Maria,Flores,0
Maria,Gamino,0
Maria,Garcia,0
Maria,Garcia Alfaro,0
Maria,Garcia-Perez,0
Maria,Huerta-Garcia,0
Maria,Ines,0
Maria J,Martinez,0
Maria,Jimenez,0
Maria,Joaquina Mill Hernandez,0
Maria Josefina,Rodriguez,0
Maria,Juarez-Reyes,0
Maria,Larenas Coronel,0
Maria,Lopez,0
Maria,Lopez Perez,0
Maria Luisa,Colmenarez,0
Maria,Martinez Romero,0
Maria Paula,Aguero,0
Maria,Robles,0
Maria,Rodriguez,0
Maria,Rozatti,0
Maria,Smith,0
Maria,Stephanie Almeida,0
Maria,Tellez Ramirez,0
Maria,Tepox,0
Maria,Thomsen,0
Maria,Villagrana,0
Maria,Zaragoza,0
Mariaelena,Welch,0
Marialexia,Zaragoza,0
Mariam,Ayoub,0
Mariam,Elsalanty,0
Mariam,Halaka,0
Marian,,0
Marian-Bridgette,Padilla,0
Mariana,Giselle Paleno,0
Mariana,Lizeth Castro Lopez,0
Mariana,Lopez,0
Mariana,Ocampo,0
Mariana,Perez-Seda,0
Mariana,Salles La Terza Velleca,0
Mariana,Sotelo,0
Marianna,Yoakim,0
Marianne,Arriola,0
Marianne,Davis,0
Marianne,Hakopian,0
Mariano,Silva,0
Maricris,Bitas Tiu,0
Marilyn,Rosenwein,0
Mario A,Giraldo,0
Mario,Avalos,0
Mario,Didonna,0
Mario,Escudero,0
Mario,Espana,0
Mario,Martinez,0
Mario,Sotelo-Herrera,0
Mario,Wash,0
Marion,Suchowiecky,0
Marisol,Medina,0
Marisol,Ramirez,0
Marissa,Ericson,0
Marissa,Fabros,0
Marissa,Kovalovs,0
Mark,Cioc,0
Marshall,Jones,0
Marta,Ciesla,0
Martha,Izela Lara,0
Martin,Rozario,0
Martina,Lewis,0
Marvin,Hansen,0
Marvin Thaddeus,Garcia,0
Marvin Wyatt Jr,Jackson,0
Marwah Ibrahim S,Koshok,0
Marwan Majid,Albeer,0
Mary Beth,Walker,0
Mary,Brannen,0
Mary,Catherine Watten,0
Mary,Devries,0
Mary,Elizabeth Arlen,0
Mary,Elizabeth Hall,0
Mary,Ellen Kleinhenz,0
Mary,Fakunle,0
Mary,Helen Gutierrez,0
Mary,Kallock,0
Mary,Kate Hayward,0
Mary,Kathleen Miller,0
Mary,Kathryn Gavin,0
Mary,Lo,0
Mary,Morgan,0
Mary,Prahl,0
Mary,Rose Griffin,0
Mary,Sperber,0
Mary,Wang,0
Mary,Wolfe,0
Maryann,Nguyen,0
Marylin,Alvarado,0
Maryrose,Rappold,0
Masaaki,Tsuruike,0
Mathew,Samano,0
Mathieu,Alan Johnson,0
Matilda,Holiday Laurie,0
Matt,Snidal,0
Matthew,Joseph Hamilton,0
Matthew,Joseph Ramirez,0
Matthew Raymond,Machuca,0
Maurice,Mejan,0
Max,Berkelhammer,0
Maxwell,Byer,0
Maya,Barad,0
Maya,Navar,0
Mayda Margot,Gonzalez,0
Mayra,Nava,0
Medhat,Sameh Hanna,0
Meena,Adams,0
Meena,Aspeytia,0
Meenakshi,Malhotra,0
Megan,Ariani Lee,0
Mehdi,Ali,0
Mehdi,Mekouar,0
Melanie,Naraval,0
Melanie,R Daniels,0
Melina Danae,Gomez,0
Melina,Fuentes-Garcia,0
Melina,Idalia Rodriguez,0
Melina,Marcano,0
Melinda,Aguilar,0
Melissa,A Miller,0
Melissa,Bator,0
Melissa,Brizuela,0
Melissa,Conti,0
Melissa,Cordero,0
Melissa,Dreiling,0
Melissa,E Sullivan,0
Melissa,Harris,0
Melissa,Herrera,0
Melissa,Lozada,0
Melissa,Maceyko,0
Melissa,Mathews,0
Melissa,Riordan,0
Melissa,Romero,0
Melissa,T Nalath,0
Melissa,Watson,0
Melissa,Wright,0
Melody Ajoke,Adejare,0
Melody,Emily Torres,0
Melody,Hearten-Johnson,0
Melody Jean,Gonzalez Young,0
Melody,Joy Chaclan,0
Melody Joy,Mayaco,0
Melody,Kuang,0
Melody,L Booth,0
Melody,Leppard,0
Melody,Molander,0
Melody,Rohwedder,0
Melody,Sickler,0
Melody,Zhang,0
Mercedes Maria Wendy,Gonzalez,0
Merlita,,0
Mia,Liu Bennett,0
Mia,Navarro,0
Mia,Primeau,0
Michael,De Souza,0
Michael,Desilva,0
Michael,Dwayne Peters,0
Michael,Hsiao,0
Michael James,Hannum,0
Michael,Lotito,0
Michael,Thomas Vincent Carson,0
Michael,Wilson,0
Michele,T Jay-Russell,0
Michelle,Bareng,0
Michelle,Debuck,0
Michelle,Larue,0
Michelle,Lodwick,0
Michelle,Rappino,0
Michelle,Suarez,0
Mihaly,Harisis,0
Mikaela,Navarrosa Paracuelles,0
Mike,Baldwin,0
Mike,Brown,0
Mike,Gent,0
Mikee,Naegele,0
Mikena,Moore,0
Mikey,,0
Milinda,Thompson,0
Mina,Ahmed,0
Mina,Chong,0
Mina,Hanna,0
Mina,Leclaire Tibet,0
Mina,Marquez Ramirez,0
Minami,Seki,0
Minji,Lee,0
Minjie,Zhang,0
Miranda,Rojas Aguilar,0
Miranda V,Ramirez,0
Miranda,Walz,0
Mirei,Son,0
Miriam,Anna Kolar,0
Miriam,Ramirez,0
Mirza,Sikander,0
Moe,Kaneda,0
Mohamad,Ali Saatara,0
Mohamad,Sukkar,0
Mohamed,Abdelgadir Adam,0
Mohamed,Al-Marri,0
Mohamed,El-Farra,0
Mohamed,Elgharbawy,0
Mohamed,Itani,0
Mohamed,Mahmoud,0
Mohamed Mustufa,Memon,0
Mohamed,Sesay,0
Mohamed,Ujaimi,0
Mohammad,Adie,0
Mohammad,Al-Mohsin,0
Mohammad,Alduraibi,0
Mohammad,Alherais,0
Mohammad,Alsubaie,0
Mohammad,Ameen,0
Mohammad,Fahad,0
Mohammad,Jaminur Islam,0
Mohammad,Jumah Eid,0
Mohammad,Keshta,0
Molina,Diego,0
Mona,Anich,0
Mona,Damluji,0
Mona,Malik,0
Mona,Martha Maroun,0
Monara,Dini,0
Monica,Berkett,0
Monica,Demcho,0
Monica,Guzman,0
Monica,Lamas,0
Monica,Navarrete,0
Monica,Reyes,0
Monica,Salazar Ortiz,0
Monika,Howe,0
Monika,Hudson,0
Monika,Ramos,0
Monikankana,Alem,0
Muhamad,Ali,0
Muhammad,Adil Salim,0
Muhammad,B Munir,0
Muhammad,Tauseef Riaz,0
Muhammad,Umar Nadeem,0
Muhammad,Zohaib,0
Muliana,Muliana,0
Muna,Aryal Rizal,0
Mustafa,Bayramov,0
Mustafa,Khalid,0
Mustafa,Khwaja,0
Mustafa,Moiz,0
Nabeeha Tasneem,Rahman,0
Nabiha,Hasan,0
Nadia,Dickey,0
Nadia,Dzhanbekova,0
Nadia,Hernandez,0
Nadia Khaled,Al-Zeabot,0
Nadia,Love Suarez,0
Nadia,M Carrasco,0
Nadia,Witt,0
Nafina,Raha,0
Nagasai Shravya,Chavva,0
Nami,Watanabe,0
Namit,Mankad,0
Nana,Elberry,0
Nana,Kim,0
Nanami,Mori,0
Naomi,Beth Lila,0
Narbeh,Bandary,0
Naser,Alhajeri,0
Nasser,Abu-Gheida,0
Nasser Talal,Alnabulsi,0
Nastaszia,Victoria Mehring,0
Natali,Aziz Md,0
Natalia,A. Porfirenko,0
Natalia,Amedea Ricci,0
Natalia,Avalos,0
Natalia,Barajas,0
Natalia,Bonavito,0
Natalia,Bryant,0
Natalia,Dame,0
Natalia,Dasilva,0
Natalia,Davila,0
Natalia,Dubon,0
Natalia,Gillis Semeraro,0
Natalia,Michelle Ramirez,0
Natalia,Natalia Aguirre Amezquita,0
Natalia Z,Lyon,0
Natalia,Zora,0
Natalie,Alina Benneian,0
Natalie Ann,Phillips,0
Natalie,Arevalo,0
Natalie,Bader,0
Natalie,C. Hall,0
Natalie,Chan,0
Natalie Cristina,Diaz,0
Natalie,Dawn Chrisman,0
Natalie Emiko Ishigaki,Saenz,0
Natalie,Espinosa,0
Natalie,Evans,0
Natalie,Fong,0
Natalie,Joy Hopkins,0
Natalie,Kay Marquardt,0
Natalie,Kliewer,0
Natalie,Lehmann,0
Natalie,Monroy,0
Natalie,Nghiem,0
Natalie,Nguyen Chu,0
Natalie,Ohanyan,0
Natalie,Quintana,0
Natalie,Renee Hughes,0
Natalie,Rose Maas,0
Natalie,Rose Rich,0
Natalie,Shok,0
Natalie,Stevens,0
Natalie,Vargas,0
Natalie,Zhang,0
Nataliena,Mendoza,0
Natalya,Lozano,0
Natalya,Rodriguez,0
Natasha,Broome-Shaw,0
Nathalie,Didier,0
Nathanael,Fast,0
Nathaniel,Kayhoe,0
Nattanitch,Jasmine Phengphon,0
Navan,Bansal,0
Navid,Mcilhargey,0
Nazira,Bairbek,0
Nee,Iona,0
Neema,Bak,0
Neila,Jamee,0
Nia,Novalee Hadi,0
Nick,Mitchell,0
Nick,Paul Moe,0
Nick,Ramirez,0
Nicole,Anahit Yezegelyan,0
Nicole,Azimioara,0
Nicole,Sena,0
Nicolette,Canale,0
Nikica,Trajkovski,0
Nikie,,0
Nikita,A Khlystov,0
Nikita,Kadakia,0
Nikita,Katila,0
Nikita,Nitin Salunke,0
Nikita,Somaiya,0
Nikith,Garikaparthi,0
Nikki,Baim,0
Nikki,Marie Seymour,0
Nikki R,Chairez,0
Nikki,Seina,0
Nikki,Short,0
Nikki,Suh,0
Nikki,Tran,0
Nikkie,,0
Nina,Doering,0
Nina,Dronkers,0
Nina,Francesca Razon Yalung,0
Nina,Keller,0
Nina,Le,0
Nina,M Smith,0
Nina,Salameh,0
Nina,Serwas,0
Nina,Singh,0
Nina,Wang,0
Nisha Mariam,Thomas,0
Noah,G Wardrip-Fruin,0
Noah,Jay Mason,0
Nonie,Hamilton,0
Noor,Bundhoo,0
Noor,Kaur Kambo,0
Noor,Mashiana,0
Nooria,Mazdeyasnan,0
Norah,Dunn Shimokawa,0
Norma,Juarez,0
Norma,Romero,0
Nour,Bashir Gabsi,0
Nour,Karzoun,0
Nour,Mohamed Ahmed Zekry,0
Nour,Qotubaldeen,0
Nour,Younies,0
Odessa,Rose Tenhet,0
Omar,Al-Kurd,0
Omar,Alnughaimshi,0
Omar,Alvarez,0
Omar,Badar,0
Omar,El Assali,0
Omar,Ibarra,0
Omar,Lujano,0
Omar,Ma,0
Omar,Mata Garcia,0
Omar,Mejia,0
Omar,Moawad,0
Omar,Navarro,0
Omar,Ramos,0
Omar Ronaldo,Mendoza-Rivera,0
Omar,Salazar Alcantar,0
Omer,Nehemia Shiran Cohen,0
Omkar Sadanand,Yerunkar,0
Onaje,Mustafa Pree,0
Orianne,Helene Gaelle Constant,0
Oscar David,Avila Albarran,0
Owen,Benjamin Davies,0
Owens,Jan,0
Pablo,Daniel Domizi,0
Padma,Uppalapati,0
Paige,Anne Oniki,0
Pakhtana,Hamed,0
Pamela,Balducki-Koenig,0
Pamela,Campo,0
Pamela,Fillo,0
Pamela J,Mccann,0
Pamela,Sue Mendez,0
Parinitha,Srinivas,0
Paris,Jennings,0
Parissh,Knox,0
Parsa,Adorbehi,0
Patricia,A Madison,0
Patricia Natalia,Morales Pagan,0
Patricia,Nazario,0
Paul,Zakarian,0
Paulina Bernardette,Arias,0
Pavankumar,Murali,0
Perez,Aurora,0
Persis,Ratouis,0
Peter,Kazaras,0
Peter,Stonington,0
Phani,Rayapaneni,0
Phoebe Grace,Montemayor,0
Pilar,Hoye,0
Poppy,Alice Brittingham,0
Prahan,Chetlur,0
Pranali,Taskar,0
Pranav,Gupta,0
Pranav,Kumar,0
Pranav,Seetharaman,0
Pranay,Bhatla,0
Pranay,Dua,0
Prasad,Balasubramanian,0
Prasannavenkatesh,Sampath,0
Prinz,Lenard Cabus Sabate,0
Priscila,Ariana Munoz,0
Prisilla A,Gomez,0
Priyesh,Rajesh Vakharia,0
Rachel Danae,Mendez,0
Rachel M,Valiensi,0
Rafaela,Dandolin Rech,0
Rafiur,Rahman Khan,0
Rahim,A Burdette,0
Rahman,Aziz,0
Ramesh Raaj,Sanghvi,0
Ramin,Aliyev,0
Ramiro,Ochoa,0
Rana Naim Abdel Hafez Mansour,,0
Raquel,Galindo Orozco,0
Raquel,Sabala,0
Ratna Alifiah,Riggs,0
Ravash J.,Eliass,0
Ravinder,Dawke,0
Raya,Khushaim,0
Rayan,Albraidi,0
Rayan,Lavi,0
Raylene,Paris-Salazar,0
Raymond,,0
Raymond Alex,Altamirano,0
Raymond,Cho,0
Raymond,Flores,0
Raymond,Grajeda,0
Raymond Jinwoo,Kim,0
Raymond,Kim,0
Raymond,Kwong,0
Raymond L.,Goldsworthy,0
Raymond,Torres,0
Raymond,Yuan,0
Raza,Rizvi,0
Razan,Abouzaid,0
Razan,Akili,0
Razelle,Maico,0
Reed,Van Brunschot,0
Reema,Chaudhry,0
Regal,Wang,0
Regina Jennifer,Rozner,0
Rehan,M Ali,0
Reilly,Martin,0
Reinhold,Greve Ii,0
Remiko,Onda,0
Renee,Mehra,0
Ricardo,Medina,0
Richard,Gonzales,0
Rima,Pranav Vyas,0
Rita,Mary Peterson,0
Ritimukta,Sarangi,0
Rizalyn A.,Reynaldo,0
Roa,Alturki,0
Robby,Barnett,0
Robert,Morelos-Zaragoza,0
Robin,Kamal,0
Rodriguez,Maria,0
Roger,Savage,0
Rohit Prasanna,Chandramouli,0
Rojas,Lucila,0
Rojie,Malki Hajjar,0
Romina Jae,Chuatico,0
Rosa,Silva Hernandez,0
Rosamaria,Alamo,0
Rosana A.,Padilla,0
Rosana,Alaniz,0
Rose,Bermudez,0
Rose,Caitlin Killion,0
Rose,Hanna,0
Rose,Houghton,0
Roseline,Duong,0
Rosemary Anne,Girgis,0
Rosemary,Presburger,0
Roshan,Jayanti,0
Roshan,Mallesh Mahanth,0
Rosie,Ramirez Loza,0
Rosina,Lozano,0
Roslynn Samone,Glasco,0
Roxana,Delgado,0
Roxana,Infante,0
Roxane,Perez,0
Roxann,Roque,0
Roxanna,Carter,0
Roxanne,Abrams,0
Roxanne,Garcia,0
Roxanne,Natal,0
Roxanne,Sexauer,0
Roxanne,Thomas,0
Roy Sam,Mouawad,0
Roya,Ermagan,0
Roza,Petrosian,0
Rozella A,Mayo,0
Ruby,Barnett,0
Ruby,Nava,0
Ruby,Navarro Garcia,0
Ruiz,Iris,0
Rutik Sanjay,Sangle,0
Ryan,Anthony Trinh,0
Ryan,James Haraden,0
Sabas,Severiano,0
Sabastein Nghia Minh,Huynh,0
Saber,Wang,0
Sabrina,Baongan Pham-Galano,0
Sabrina,Crame,0
Sabrina E,De La Rosa-Lima,0
Sabrina,Fernandez,0
Sabrina,Gabrielle Yates,0
Sabrina,Harris,0
Sabrina,Hawkes Werby,0
Sabrina,Huynh,0
Sabrina,Michelle Cruz,0
Sabrina,Wu,0
Sade,Corneille,0
Sade,Kammen,0
Sade,Korbieh,0
Sadiat Toyin,Lawal,0
Sadri,Salman,0
Sage,Danielle Trobridge,0
Sahara,Lance-Lawson,0
Sahithi,Adiraju,0
Saidah,Leatutufu,0
Saira,Mohamed,0
Sajjad Mohammad,Yacoob,0
Salazar,Susan,0
Saleh,Alamer,0
Saleh F S M,Aldaihani,0
Saler,Michael,0
Sally,Mahmood,0
Salma,Aziza Mohideen,0
Salma,Kefah Fadda,0
Salman,Farooq,0
Sam,Abernethy,0
Sam,Anderson,0
Sam,Guns,0
Sam,Ha,0
Sam,Leah Shoemaker,0
Sam,Liang,0
Sam,P Rutledge,0
Sam,Pressler,0
Sam,Robles,0
Sam,Sophia Benskin,0
Sam,Swails Bollinger,0
Sam,Toyer,0
Sam,Vaillancourt,0
Sam,Wang,0
Sam,William Houser,0
Sam,Winfield,0
Samantha Adriana,Dominguez,0
Samantha,Belle Gonzalez,0
Samantha,Condy,0
Samantha,De Alba,0
Samantha,Jane Cordingley,0
Samantha,Jill Ludin,0
Samantha,Kling,0
Samantha,Krahl,0
Samantha,Liu,0
Samantha,Lopez,0
Samantha,Malloy,0
Samantha Marie,Cano,0
Samantha,Miller,0
Samantha,Naumann,0
Samantha Nicole,Guerrero,0
Samantha,Padilla,0
Samantha,Poon,0
Samantha,Rifkin,0
Samantha Rose,Bocanegra,0
Samantha,Samara Sanchez,0
Samantha,Skye Spartano,0
Samantha,Soto,0
Samantha Taylor,Hampton,0
Samantha,Villarruel-Lara,0
Samara,Aiyun Katz,0
Samara Maria,Asad,0
Samarpita,Basu,0
Samarth,Vilesh Shah,0
Samer,Saleh,0
Samhal,Asfaw,0
Samhita,,0
Samhita,Phani Gayatri Suripeddi,0
Sami,Juan Araya,0
Sami,Lieberg,0
Sami,Nazha,0
Samia,El Haj Ibrahim,0
Samiha,Raisa,0
Samir,Alam,0
Samir,Ghosh,0
Samira,Massachi,0
Samira,Y. Morton,0
Samirabanu,Sheikh,0
Samita,Keawkingkeow,0
Sammy,Ausman,0
Sammy,Martinez,0
Sammy,Nguyen,0
Samuel,A Ogunsanya,0
Samuel,Baker,0
Samuel,Betancourt,0
Samuel,Bozin,0
Samuel,C Chang,0
Samuel,Doong,0
Samuel Evan,Rojas,0
Samuel,Fashu-Kanu,0
Samuel,Gonzalez,0
Samuel,Jordan Levy,0
Samuel,M. Lancaster,0
Samuel,Ortiz,0
Samuel,S Yang,0
Samuel,Stollenwerck,0
Sana,Prasad,0
Sandra,Christin Reebie,0
Sandra,Chung,0
Sanika,Gadkari,0
Sanshul,Grover,0
Saqqara,Mohammed-Grant,0
Sara,Aquino,0
Sara,Avalos,0
Sara,Castillo Navarrete,0
Sara,Christina Boyers,0
Sara,Cunningham,0
Sara,Dubnow,0
Sara,E Grummert,0
Sara,Elizabeth Gerard,0
Sara,Gento Ashley,0
Sara,Jane Bradford,0
Sara Lorraine,Witt,0
Sara Lynn Clifford,Bauman,0
Sara Mahmoud,Alhejazi,0
Sara,Marie Beckman,0
Sara,Marie O'Rourke,0
Sara,Martinez,0
Sara,N Hernandez,0
Sara,Saunders,0
Sara,Stillwell,0
Sara,Tingley Rosenthal,0
Sara Victoria,Gonzalez,0
Sarah,A Yeakel,0
Sarah A.,Meyer,0
Sarah Ann,Mendez,0
Sarah,Antonich,0
Sarah,B George,0
Sarah,Balderas,0
Sarah,Bedford,0
Sarah,Bhatti,0
Sarah,Bolton Wallbank,0
Sarah,Bouzos,0
Sarah E,Marvin,0
Sarah E,Wilson,0
Sarah,E. Michaelis,0
Sarah,Elizabeth Yaple,0
Sarah Elizabeth,Zamudio,0
Sarah,Fuhrmeister,0
Sarah,Godfrey,0
Sarah,Hadley,0
Sarah,Hamada,0
Sarah,Hammond,0
Sarah,Inderbitzin,0
Sarah,J Castillo,0
Sarah,Kaden,0
Sarah,Klass,0
Sarah,Knapp,0
Sarah,L Middendorf,0
Sarah,Lindner Sanders,0
Sarah,Macias,0
Sarah,Meng,0
Sarah,Meyer Tapia,0
Sarah,Michlin,0
Sarah,Nadeau,0
Sarah Nicole,Varela,0
Sarah,Parks,0
Sarah,Pawlowsky,0
Sarah,Payne,0
Sarah Rae,Perez,0
Sarah,Roberson,0
Sarah,Romanoff,0
Sarah,Schraeder,0
Sarah,Schwarz,0
Sarah,Sturm,0
Sarah,Takaba Hoang,0
Sarah,Tam,0
Sarah,Traxler,0
Sarah,Troy,0
Sarah,Utley,0
Sarah,Van Norman,0
Sarah,White,0
Sarah,Wright,0
Sarah,Zigmont,0
Sarai,Arellano,0
Saravanan,Devendran,0
Sarina,Taylor,0
Sarita,Ann Parikh,0
Saryana,Pekler,0
Sasha,Benke,0
Sasha-Courtney,Hofisi,0
Sasha,Crossman,0
Sasha,Ella Wizelman,0
Sasha,Guadalupe Hernandez,0
Sasha,Pesci,0
Sasha,Razor,0
Sasha,Rudakov,0
Sasha,Sophia Alexis Barnes,0
Sasha,Zemsky,0
Satvik,Khanna,0
Savannah Lynn,Downey,0
Savannah R.,Bloch,0
Sawyer,Skye Lucas-Griffin,0
Scott,Niman,0
Sean,Edward Malone,0
Sebastian,Oakes Melrose,0
Seema,B Singh,0
Selin,Karabulut,0
Selina,Lima Guan,0
Selina,Nunez,0
Seline,Duong,0
Seline,Magtoto,0
Serafin Uy,Gatuslao,0
Shahayla,Perez,0
Shahdid T,Yusuf,0
Shaheena,Khan,0
Shahin,Peter Palabod,0
Shamillah,Iga,0
Shamit,Bhatia,0
Shana,Ruth-Seminara,0
Shanieka,"Jones-Firek, Phd",0
Shannon,Arias Ortega,0
Sharad Narayan,Sharma,0
Sharon,Chiu,0
Shawna,Bowler,0
Shawna,Christensen,0
Shayla,Bloom,0
Shea,Daniel Smith,0
Shea,Mcalinden,0
Sheila,Baxter-Lamb,0
Sheila,Brown,0
Sheila,Lau,0
Sheila,Rawlings,0
Shellie S,Hadvina,0
Sheperd,Aziz,0
Shereen,Ellian Nima,0
Shereen,M-Nour,0
Shereen,Wakhlu,0
Sherri,Jefferson,0
Sherrie,Dennehy,0
Sherrie,Powell Russo,0
Sherrita,Cobbs,0
Sherritta,Hughes,0
Sherry,H Ong,0
Sherry Maged Shehata,Soliman,0
Sherryl,Carter,0
Shervin,Etaat,0
Shira,Alevy,0
Shira,Minerd,0
Shirin,Friedlander,0
Shirley,Lowe,0
Shirley,Lozano,0
Shiv,,0
Shivam,Verma,0
Shivanben,Vaza,0
Shivang,Sharadkumar Patel,0
Shivangi,Simona Cancean,0
Shivani,Parwal,0
Shivani,Podapati,0
Shomili,Ramesh Madabhavi,0
Shoshana,Hindin,0
Shoshana,Rosen,0
Shoshana,Zimmerman,0
Shravan,Patel,0
Shravan,Sanil,0
Shwetanshu,Rohatgi,0
Siddhi Chintamani,Nimhan,0
Sidharth,Puthiyapurayil,0
Simin,Wang,0
Simona,Galant,0
Simona,Noce,0
Simone,Lao,0
Simonoff-Smith,Alisa,0
Sinaii,,0
Sivanthie,Lokuge,0
Skyler,Clark,0
Sohaib,Malik,0
Soham,Rege,0
Sonia,Avelar Arroyo,0
Sonia,Badrinath,0
Sonia,Barocio,0
Sonia,Bonifacio,0
Sonia,Hiew,0
Sonia J,Ramos,0
Sonia,Pramanick,0
Sonia,S Desikan,0
Sonia,Teran,0
Sonia,Villa,0
Sophia,Alejandra Ocon,0
Sophia,Antonie Tillman,0
Sophia,Benoit,0
Sophia,Cressler,0
Sophia,Duong,0
Sophia,Eleanor Hollow,0
Sophia,Elizabeth Worthington-Kirsch,0
Sophia,Fong,0
Sophia,Fu,0
Sophia,Kalawi,0
Sophia,Kennedy,0
Sophia,Li,0
Sophia,Lin,0
Sophia,Margarita Urizar,0
Sophia Maria,Allaf,0
Sophia,Maria Allan,0
Sophia Maria,Allen,0
Sophia,Marie Seiwald,0
Sophia,Milanov,0
Sophia,Moriel,0
Sophia,Nervig,0
Sophia,Nguyen,0
Sophia Paz,Covert-Cuevas,0
Sophia Quynh,Do,0
Sophia,Sholtz,0
Sophia,Tardieux,0
Sophia,Verdida,0
Sophia,Xue,0
Sophia Zoe,Hayek,0
Sophie,Wong,0
Soraya,Asfeh-Mclaughlin,0
Soraya,Johnson,0
Soto Haro,Maria,0
Soumita,Mitra,0
Souza,Jenn,0
Spencer,Shoba,0
Srijay,Rajan,0
Ssha.Grad,Ucm,0
Stanislaus,Bouyea,0
Stefani,Bartman,0
Stephanie,Ashe,0
Stephanie,Barrera,0
Stephanie,Eaves,0
Stephanie,Fogo,0
Stephanie,Gin,0
Stephanie,Herron-Hillman,0
Stephanie,Jimenez,0
Stephanie,Jocelyn Flores Reyes,0
Stephanie,Kang,0
Stephanie,Klee,0
Stephanie,Pakula,0
Stephanie,Person,0
Stephanie,Rohrs,0
Stephanie,Simpson,0
Stephanie,Trewhitt,0
Stephanie,Young,0
Stephen,J Safallo,0
Steve,Furogawa,0
Steven J.,Golightly,0
Sumayo,Ahmed Hassan,0
Summer,Martin,0
Sun,Jian-Qiao,0
Surina,Arshia Khurana,0
Surinder,P Dhillon,0
Surisadai,Aquit,0
Surisaddai,Consuegra,0
Susana,Lopez,0
Susana,Sngiem,0
Suzanne,Ferris,0
Syed,Mahmudul Quader,0
Syed,Syed,0
Tabatha Natalie,Cisneros,0
Taha,Kapadia,0
Tak,Tiensawang,0
Takashi,Murai,0
Talal,Alsaidi,0
Talal,Bukhamseen,0
Talayn,Butler,0
Tallulah,Rose Bessinger,0
Tamara,Jasmine Echeverria,0
Tamera,Jasmine Lashaw Gayles,0
Tamraz,Ramsin,0
Tanaporn,Jasmine Wilaisakditipakorn,0
Tania,Eke Armien,0
Tania,Marquez,0
Tania O,Guevara Arvizu,0
Tania,Ramirez,0
Tania,Saed Batarseh,0
Tania Vanessa,Lopez,0
Tanvi,Samir Thoria,0
Tara,A Hembrooke,0
Tara,Brewster,0
Tara,Brooke Pozzi,0
Tara,Buss,0
Tara,Debraber,0
Tara,Desa,0
Tara,Kelly,0
Tara,Kiran Redkar,0
Tara,L Brown,0
Tara,L Radford,0
Tara,Llamas,0
Tara,Medlock,0
Tara,Newfield,0
Tara,Phillips,0
Tara,Smith,0
Tara,Templin,0
Tarang,Patel,0
Tatiana,Bok,0
Tatis Iolani,Ramirez,0
Tatyana,Karpilovsky,0
Tawfique,Ali,0
Tayler,Melissa Knapp,0
Teixeira Porto,Leslie,0
Teresita,Sells,0
Thanapong,Ketmalee,0
Theodore,J Diamantopoulos,0
Thomas,Alec Beckett,0
Thomas,Austin,0
Thomas,Chan,0
Thomas,Daniel Tadar Saddouk,0
Thomas,Glynn,0
Thomas,Mc Neill,0
Thomas,Mernar,0
Thomas,Nettifee,0
Thomas,Strybel,0
Tian,Lin,0
Tiannah,York Van Elslande,0
Tiffany,Lynn Wong,0
Tiffany,Winslow,0
Tiffany,Zhao,0
Tina,Ann Trieu,0
Tina,Bhatia,0
Tina,Buoncristiani,0
Tina,Ching,0
Tina,Duong,0
Tina,Espili,0
Tina,Ha Ngoc Duong,0
Tina,King,0
Tina,Le,0
Tina,Na Narong,0
Tina Nanette,Battle,0
Tina,Zhang,0
Tissyana C.,Camacho,0
Tj,Bloominger,0
Tolou,Nyah,0
Tom,Schrock,0
Tomasita,Barrios,0
Torres,Meagan,0
Torres,Rosa Marili,0
Torrey,Dakshayani Roscote Chandran,0
Traci,L Kendall,0
Tran,Tommy,0
Travis Anthony,Navarrete,0
Travis L,Thomas,0
Tremika,Montgomery,0
Trinh,Medina,0
Trinity,Janae Swan,0
Ulises Vidal,Perez Nunez,0
Usef,Ahmed Saba,0
Usenabasi,Esiet,0
Vaishnavi,Himakunthala,0
Valentin,Navarro Barbosa,0
Vallabhi,Manish Kamalia,0
Vanda,Rasasak,0
Vandana Sreenivasa,Rao,0
Vartan,Tchekmedyian,0
Vartenie,Aramali,0
Varun,Kanna,0
Vedant,Kale,0
Vega,Elizabeth,0
Veler,Ammine Brown,0
Venkata Sravanti,Malapaka,0
Verdinand,Ruelos,0
Veronica,Deniz Montes,0
Veronica,Isabel Salazar,0
Vicente,R. Marcelo,0
Vicente Valentin Armando,Lopez,0
Vicki,Lynn Moeckel,0
Victoria Ann,Ramirez,0
Victoria,Maria Bermudez,0
Vidal,Hazelton,0
Vijayakumar,Venkataraman,0
Vinay Manikandan,Nagarajan,0
Viraj,Patel,0
Viraja,Shivbhakta,0
Visel,Axel,0
Vishal Janak,Kanani,0
Vivek Sohanlal,Sancheti,0
Vivianna,Goh,0
Vorawat,Chirathivat,0
Vrinda,Rana,0
Wael,Nasser,0
Warshani,Wijeratne,0
Wasan,Mani Kumar,0
Weiliang,Li,0
Wendy,A Garcia-Nava,0
Wendy Lilian,Obispo,0
Willa,Goldberg,0
Xiomara,Ramirez Chagil,0
Xochitl,Ramirez,0
Yahya Ahmed A,Assiri,0
Yanett,Anaya,0
Yashima,Birly,0
Yasir,Sepah,0
Yasmin,Abu-Hamad,0
Yasmin,Balci,0
Yasmin,Behaira Angeles,0
Yasmin,Dabbous,0
Yasmin,Koo,0
Yasmin,Lopez,0
Yasmine,Saenz,0
Yasmine Victoria,Vasquez,0
Yasser,Albogami,0
Yiqi Christina,Lin,0
Yiran,Zhang,0
Yolanda,Tinajero,0
Yoneil Pacanan,Maniacop,0
Younis Milad,Abdulmajeed,0
Yuli,Baltazar,0
Yumina,Ayala,0
Yussef,Yahya,0
Yuvianita,Ceely,0
Zahira,Trejo,0
Zahra Alexandria,Nealy,0
Zaida,De La O,0
Zainab,Hussain Alali,0
Zainab W,Hassanin,0
Zalak,Daftary,0
Zalak,Patel,0
Zander,Galli,0
Zara,Allen,0
Zara,Berro,0
Zara,Rab,0
Zarina Genesis,Herrera,0
Zarmine,Naccashian,0
Zay,Chonnad,0
Zenaida Samatra,Parrocho,0
Zeng,Li,0
Ziad,Badr,0
Ziad Hussein,Abuatieh,0
Zian,Guo,0
Ziang,Lu,0
Ziang,Qin,0
Zianna,Razon,0
Zoya Asma,Haq,0
Amit,Parikh,0
Asma,Khan,0
Bhupinder,Nahal,0
Hamza,Nazir,0
Hannah,Fimbres,0
Hassan,Selim,0
Hyder Abbas,Ali,0
Mariam Botros,Yousef,0
Nikita,Basilyan,0
Russ,Zakarian,0
Samia,Shafique,0
Yassin,Elsisy,0
Adonia,Eskandari Dizaj Tekieh,1
Alex,Rezai,1
Amir,Allam,1
Ariana,Zaghmouri,1
Armine,Garsevanian,1
Arya,Dalili,1
Asadour,Tarakchian,1
Ashkon,Vaghei,1
Aydin,Eskafi,1
Bahareh,Gordon,1
Bijan,Roboubi,1
Bita,Analui,1
Christopher,Nader,1
Cyrus,Rais,1
Dadbeh,Rouhbakhsh,1
Darian,Sassan Mohsenin,1
Darren,Eskandar,1
Dina,Hegazy,1
Ebi,Sadie Hadi,1
Eiman,Maleki,1
Faraz,Hassan,1
Farida,Hirani,1
Farshid,Gazor,1
Frank,Zarrinkelk,1
Heerod,Dinari,1
Hoori,Keghan,1
Hossein,Mehrpourbernety,1
Jafar,Savoj,1
Jasmine,Saleh,1
Julie,Saba,1
Kayla,Kassabian,1
Liana,Papirian,1
Linda,L Assadian,1
Mark,Fotohabadi,1
Mary Rose Ghazwan,Shaheen,1
Maryam,Hassooni,1
Megan,Sahar Khounani,1
Mina,Malaz,1
Mina,Shin,1
Miranoush,Davoodi Chigani,1
Mohammad,Alotaibi,1
Muhammad Jamal,Afridi,1
Nader,Kheirbek,1
Natalie,Behfarin,1
Omar Mansour M,Asiri,1
Omid,Antonio Haghkhah,1
Paniz,Meradji,1
Pedram,Oskouie,1
Rana,Mahmoud Abaker,1
Reema,Durrani,1
Roxane,Meade,1
Saba,Samy,1
Sadaf,Kabiruddin Bandeali,1
Saeid,Delshad Sisi,1
Sahar,Hamidy Osman,1
Samira,Daswani,1
Sheila,Lahijani Md,1
Shiva,Banafti,1
Siavash,Assar,1
Sina,Sean Vatoofy,1
Sonia,Nava,1
Tara,Larissa Safavian,1
Yasi,Amanat,1
Yasminbibi,Vajifdar,1
Zara,Farooqui,1
Abbas,Ahmadi,1
Aida,Kouhi,1
Aida,Papian,1
Aidan,Anvaripour,1
Alaast,Kamalabadi,1
Ali,Pakzad,1
Aliya,Malabanan,1
Amir,Moshar,1
Amjad,Aryan,1
Anisa,Khoshbakhtian,1
Anmol,Shahzadi,1
Arash,Noshadravan,1
Ardeshir,Sadehkhou,1
Aria,Aydin,1
Aria,Sobhani,1
Ariana,Mohayaee,1
Arman,A. Azedi,1
Arman,Tobakian,1
Armin,Jesmani,1
Arvin,Shahid,1
Aryan,Sahai,1
Ashkan,Moazzez,1
Atefeh,Jahandideh Koudehi,1
Ava,Qureshi,1
Ayman,Naseri,1
Babak,Saatchi,1
Behshad,Matin,1
Bita,Arefnia,1
Dana,Ghamrawi,1
Dana,Hejazi,1
Daniel Michael,Shahin,1
Deniz,Aydin,1
Donya,Mirzazadeh,1
Elham,Hedayaty,1
Farima,Etesamifar,1
Fatema,Nushin,1
Golkoo,Mohammadzadeh,1
Gus,Manoochehri,1
Hadi,Aryan,1
Hesam,N. Motlagh,1
Himala,Kashmiri,1
Hossein,Edalat,1
Iman,Barakat,1
Jaleh,Pirnazar,1
Jouliana,Davoudi Chegani,1
Justin,Ata Salehi,1
Karim,Jamaleddine,1
Karineh,Parsanian,1
Kasra,Tabesh,1
Khalid,Ansari,1
Kian,Shokoofeh-Blake,1
Kiana,Sadrosadat,1
Laleh,Mehrrafiee,1
Leila,Quraishi,1
Maria,Faheem,1
Mariam,Ashtiani,1
Maryam,Motamedinia,1
Mattilee,Kazemipour,1
Mazamir,Yousefi,1
Mehdi,Peiravi,1
Mehrdad,Youzi,1
Mehrtash,Manoochehri,1
Mia,Ahmady,1
Mina,Samaan,1
Mohamma,Hokmabadi,1
Mohammad,Khosousi,1
Mohammad,Vahed,1
Mohsen,Dehhaghi,1
Monika,Darwish,1
Mustafa,Mosleh,1
Mustafa,Ruzgar,1
Nahid,Farhady Ghalaty,1
Navid,Ahwazi,1
Navid,Ghatri,1
Nazanin,Akrami,1
Nazanin,Chavoshnia,1
Nicolette,Shamsian,1
Niki,Roozitalab,1
Nyrika,Afshari,1
Pegah,Jandaghimeibodi,1
Saba,Raji,1
Saeed,Nejad,1
Saman,Harouni,1
Saman,Hedayatfar,1
Samuel Arman,Daneshvar,1
Sanam,Peighambarzadeh,1
Sara,Karamat,1
Sarah,Raissi,1
Seena,Farhadi,1
Setareh,Ordoobadi,1
Seyed,Mohsen Hosseini,1
Seyedamirvala,Saadat,1
Seyedehnegar,Seyedmonir,1
Shadi,Movahed Bashiri,1
Sharareh,Frouzesh,1
Shawn,Falatoonzadeh,1
Shayan,Dadgar,1
Sheeva,Sairafi,1
Sherwin,Owiesy,1
Shirin,Towfiq,1
Shirvany,Anoushirvan,1
Sohrab,Tanavoli,1
Solmaz,Talebipour,1
Talia,Hatami,1
Tina,Maryam Lari Morrison,1
Yara,Mansour,1
Yasmin,Nowzad,1
Zikria,Habibzadah,1
Abbas,Fazl,1
Ali,Hasan Khan,1
Ali,Heshmati,1
Ali,Kalbassi,1
Ali,Khodaei,1
Ali,Shafiee,1
Ali,Zia,1
Aliakbar,Salman,1
Alireza,Mofrad,1
Amir,Alizadeh,1
Amir Bahadoor,Mansour,1
Amir,Fathi,1
Amir,Gharehgozli,1
Amir,Karimi,1
Amir,Saeidi,1
Amirmohammad,Alizadeh,1
Anahid,Hekmat,1
Arash,Anvaripour,1
Arash,Ardakani,1
Arash,Saifhashemi,1
Arezoo,Marashi,1
Ariana,Noor Hosseini,1
Arman,Baradaran Hosseini,1
Arman,Haghighi,1
Arman,Irani,1
Arsalan,Heydarian,1
Arshia,Tofang Sazi,1
Arvin,Niazi,1
Ashkan,Foroughi,1
Azadeh,Nazemi,1
Azadeh,Taefi,1
Bahar,Pishdadian,1
Bahram,Chehrazi,1
Borna,Moinpour,1
Cyrus O,Abbasi,1
Darya,Yousefizadeh,1
Diana,Donya Janinejad,1
Dorsa,Peykar,1
Ehsan,Barjasteh,1
Ehsan,Behnamghader,1
Elahe,Nazari,1
Elaheh,Sadredini,1
Elham,Mashinchi,1
Elham,Shams,1
Elnaz,Nouri,1
Erfan,Moradi,1
Faezeh,Nazerian,1
Farah,Ghazanfari,1
Farbod,Ebrahimi,1
Farbod,Nader,1
Farifteh,Shahbazian,1
Farshid,Dayyani,1
Fatima,Mousaee,1
Ghazal,Dezfuli,1
Goli,Sadri,1
Hadi,Meidani,1
Hafizullah,Amiri,1
Haleh,Akrami,1
Hamed,Behnaman,1
Hamid,Dehghani,1
Hamid,Haidarian Shahri,1
Hani,Sobhi,1
Hanieh,Abedini,1
Hassan,Jahanandish,1
Hedieh,Khajavi,1
Hedyeh,Mohajerin Golshan,1
Hoda,Diba,1
Hojjat,Aghakhani,1
Hooshang,Bagheri,1
Hossein,Moayerzadeh Ahmadi,1
Hossein,Sayadi,1
Hosseinali,Asgharian,1
Iman,Ahmad Mirza,1
Iman,Jenabzadeh,1
Javaneh,Mohajer,1
Karam,Ashouri,1
Kaveh,Houshmand Azad,1
Kaveh,Motamed,1
Kaveh,Shahabi,1
Kaveh,Veyssi,1
Kayvan Kevan,Kazerouni,1
Khorshid,Azarnoush,1
Khurshid,Rohinton Iranpur,1
Kiana,Shivaee,1
Kianoosh,Hashemzadeh,1
Kimia,Rezaeizadeh,1
Kimya,Ghaffarian,1
Kimya,Shafaie,1
Kourosh,Sedghisigarchi,1
Leila,Jamshidi,1
Leila,Parsa,1
Leily,Daneshian,1
Lida,Esmailian,1
Mahboubeh,Mostafaei Dehnavi,1
Mahmood,Ebrahimi,1
Mahnaz,Heydari,1
Mahshad Samnejad,,1
Mandana,Asgharnejad,1
Mansoor,Azizi,1
Maral,Javaherian,1
Maria,Ansari,1
Marjan,Hashemi,1
Marjan,Savadkohighodjanaki,1
Maryam,Bonyadian,1
Maryam,Hosseinzadeh,1
Maryam,Pishgar,1
Maryam,Rahbariasi,1
Maryam,Shahabedini,1
Maryam,Shams,1
Maryam,Tavanaei,1
Mehdi,Montakhabi,1
Mehdi,Nemati,1
Mehdi,Shahbazi,1
Mehrad,Noori,1
Mehrdad S,Sharbaf,1
Mehrnaz,Paydar,1
Mehrshad,Moghimi,1
Melika,Taheri,1
Melina,Ahmadzadeh,1
Melina,Shafie,1
Melody,Pakravan,1
Milad,Rohani,1
Mina,Latifi,1
Mina,Rizi,1
Mitra,Nadi,1
Mitra,Tara Rezvany,1
Mohammad Ali,Mirza,1
Mohammad,Ovais Azizzanjani,1
Mohammad,Soleymani,1
Mojdeh,Moheban,1
Mona,Kamal,1
Monireh,Asoudeh,1
Morteza,Mohammadjavadi,1
Nader,Noorani,1
Nadia,Fallahi,1
Nadia,Kazempoor,1
Nadia,Rahim,1
Nahid,Rostami,1
Najmieh,Tousi,1
Najva,Akbari,1
Narges,Moosavi Mahvelati,1
Naser,Nikandish,1
Nasim,Daryaee,1
Natasha,Alvandi,1
Navid,Simanian,1
Negar,Sadeghein,1
Negeen,Izadian,1
Negin,Esfandiari,1
Nikki,Keyvan,1
Nikta,Shahbaz,1
Niloofar,Farboodi,1
Niloufar,Behboud,1
Nima,Jabbari,1
Nima,Khoshab,1
Nima,Pourdamghani,1
Nina,Saboorian,1
Niusha Khoshsar,,1
Niusha,Khoshsar,1
Noorulhoda,Kazemi,1
Omid,Adibnazari,1
Pari,Tavakoli,1
Paria,Moshki,1
Parmis,Sharifabadi,1
Pasha,Biglarzadeh,1
Pasha,Kashani,1
Pasha,Safarzadeh,1
Pasha,Vafaei,1
Payam,Javanmardi Jafarabad,1
Pedram,Aghelian,1
Pegah,Natanzi,1
Peyman,Nouri,1
Pouya,Dabiri,1
Raana,Mogharrab,1
Ramin,Bighamian,1
Ramin,Salehi-Rad,1
Ramtin,Ghafoori,1
Rashid,Alavi Dehkordi,1
Reza,Bosagh Zadeh,1
Rojin,Natalie Ghobadi,1
Roza,Pyghambarzadeh,1
Sabauon,Nasseri,1
Saeed,Mehrabidavoodabadi,1
Saeed,Najafi,1
Saeideh,Fallah Fini,1
Sahar,Ashrafzadeh,1
Sahar,Ghadimi,1
Sahar,Razmjooei,1
Sahar,Sepidehdam,1
Samaneh,Sattari,1
Samin,Davari-Moghadam,1
Samira,Maboudian,1
Sana,Hajjaj,1
Sanah,Mansuri,1
Sanaz,Dabiri,1
Sanaz,Mobasseri,1
Sanaz,Nazari Farsani,1
Sarah,Donya Mousavi,1
Sarasadat,Motahari,1
Sarmad,Sadeghi,1
Sayed,Ahmad Ahmadi,1
Sepanta,Assadi,1
Sepehr,Afshari,1
Sepehr,Khosravi,1
Seyedeh Yasaman,Kazerooni,1
Seyyed Siavash,Yasini,1
Shadi,Kalbasi,1
Shahriar,Aghaeimeibodi,1
Shahriar,Shariat,1
Shahrokh,Shakouri,1
Shahrooz,Roohparvar,1
Shahrzad,Rafiee,1
Sharina,Ahmadi,1
Shayan,Habibi,1
Shayan,Hosseinpouli Mamaghani,1
Shayan,Rahimi,1
Shirin,Afshar,1
Shiva,Jalal Jabbari,1
Shiva,Sattar,1
Siamak,Daneshmand,1
Siavash,Farahani,1
Siavosh Moghani,,1
Siavosh,Moghani,1
Sima,Baghramyan,1
Sina,Aboutorabi,1
Sina,Labbaf,1
Sita,Mojaradi,1
Soheil,Damavandi,1
Solmaz,Saghari,1
Solmaz,Sharif,1
Sonia,Ejtehadian,1
Soofiya,Mahmoudi,1
Soroush Heidari,Pahlavian,1
Taghi,Farzad,1
Taha,Zia,1
Tahoora,Sadoughi,1
Tala,Beigi,1
Tania,Hassanzadeh,1
Tara,Ahmadi,1
Tara,Farah Mossadeghian,1
Tara,Mooradian,1
Tina,Mirzaei,1
Vahid,Keshavarzzadeh,1
Vahid,Khoshkam,1
Vahideh,Abedi,1
Yalda,Shahram,1
Yama,Akbari,1
Yasmin,Rafiei,1
Yasmine,Peykar,1
Zhina,Sadeghi,1
Zoya,Noor Fasihuddin,1
Atefeh,Nouri,1
Babak,Boloury,1
Bahar,Navab,1
Behnaz,Ghahestani Bojd,1
Behrad,Rezazadeh Moussavi,1
Borna,Bateni,1
Danial,Asaria,1
Dara,P Dowlatshahi,1
Darian,Ahmadizadeh,1
Dariush,Madjlessi,1
Darya,Esmaeilshirazi,1
Dina,Pasha,1
Ebrahim,Sarkhouh,1
Ehsan,Jabbarzadeh,1
Ehsan,Nawaz,1
Elahe,Khatibi,1
Elizabeth,Meena Shirazi,1
Fahimeh,Fakour,1
Farahnaz,Maleki,1
Farbod,Fallah,1
Farbod,Yarmohammadi,1
Farbod,Youshei,1
Farnoosh,Farrokhi,1
Fatemeh,Yarahmadi,1
Fatima,Khalil,1
Ghazaleh,Kholoosi,1
Haleh,Farahbod,1
Hamid,Ravanbakhsh,1
Hedieh,Moghbeli,1
Helia,Alavifard,1
Hesam,Ostadfar,1
Hesam,Rahmani,1
Hooman,Shirani Mehr,1
Hossein,Moein Taghavi,1
Ida,Shahmoradi,1
Iman,Pour,1
Iran,Torres Aleman,1
Jafar,Essayli,1
Javad,Dorosti,1
Khadijah,Ahmad,1
Kian,Shahabi,1
Kiana,D Nava,1
Kimi,Nakaki,1
Kimia,Shahi,1
Kiyan,Parvaresh,1
Laila,Nejad,1
Mahsa,Torfeh,1
Mahsaw,Motlagh,1
Mahta,Karimpoor,1
Marjan,Farid,1
Marjan,Ghaffarinia,1
Maryam,Salman,1
Masoud,Sharifian Attar,1
Masoumeh,Khalkhali,1
Mastaneh,Fakhiriyazdi,1
Maziar,Toosarvandani,1
Mehdi,Shishehbor,1
Mehrnaz,Asadi,1
Melika,Madani,1
Melody,Fadaee,1
Melody,Gunadi,1
Milad,Esmaeilpour,1
Milad,Gholami,1
Mina,Mozafari,1
Mitra,Dahesh,1
Mohammad,Atari,1
Mohammad,Mohseni,1
Mohammad,Nazif,1
Mohammad,Shokoohi-Yekta,1
Mojtaba,Forghani,1
Narges,Baniasadi,1
Nazanin,Nekonejad,1
Neda,Behzadi,1
Nikita,Ghadimian,1
Nilofar,Majd,1
Niloofar,Ghoudjehbaklou,1
Niloofar,Salehi,1
Nima,Abili,1
Nima,Dabiri,1
Nima,Heydari,1
Nina,Ghazarian,1
Odette,Arman,1
Omeed,Etemadi,1
Omid,Hemmat,1
Parham,Sharafoleslami,1
Parsa,Jorat,1
Parsa,Shahbazi,1
Payam,Yeganeh,1
Rachel,Homayonfar,1
Rahim,Govani,1
Ramin,Yazdani,1
Razan,Badri,1
Rojin,Asefi Zarifi,1
Roshanak,Monzavi,1
Roxana,Hosseini,1
Rozita,Moshtagh,1
Saba,Saghafi,1
Saeed,Moazami,1
Saghi,Salehi,1
Sahar,Sadeghmalakabadi,1
Sahar,Zarafshan,1
Saleh,Hasanzadeh Yamchi,1
Samira,Soleimanpour,1
Sanaz,Janfaza,1
Sanaz,Talebzadeh,1
Selina,Koharjo,1
Seyedeh,Ladan Sadeghian,1
Yasmin,Homayoun,1
Zahra,Pakbaz,1
Aida,Azadeh,1
Aidin,Tehrani,1
Alec,Rahman Bakhshandeh,1
Alireza,Abdoli,1
Alisa,Moradian,1
Anoush,Shahidzadeh,1
Arya,Gosar,1
Aslan,Tataroglu,1
Athena,Eskenazi,1
Ava,Blustein,1
Behrooz,Sharifi,1
Comron,Nouri,1
Diana,Arya,1
Rahim,Nazerali,1
Eilia,Araghbidikashani,1
Hani,Goodarzi,1
Hoda,Abdelaaty,1
Iman,Kazah,1
Jila,Maleksalehi,1
Khosrow,Khosravifard,1
Kian,Tayebi,1
Kiana,Dadbin,1
Laila,Fozouni,1
Mark,Sam Eskandar,1
Matin,Lackpour,1
Md Farhad,Hassan,1
Meisha,Mossayebi,1
Nazanin,Nikaein,1
Neda,Alalhessabi Walker,1
Neema,Yazdchi,1
Ninsina,Yadkar,1
Sami,Seyedjafar Kashi,1
Sana,Allam,1
Sanaz,Yousefi,1
Sarah,Ashkin,1
Seena Mohajerin,Golshan,1
Seyed Mohammadsadegh,Saghaeiannejad Esfahani,1
Shereen,Memarian,1
Sherry,Azaria,1
Shifa,Mirza,1
Hasan,Yasini,1
Hoda,Ghavidel,1
Abbas,Khojasteh,1
Adel,Ahmadian,1
Adina,Babaian,1
Ahmad,Bayasi,1
Ali,Asghari,1
Ali,Ghafuri,1
Ali,Mirzazadeh,1
Ali,Rahmati,1
Aliakbar,Kavei,1
Alireza,Yazdani,1
Aram,Aghajanian,1
Arash,Azarkhish,1
Amirnader,Aghayeghazvini,1
Anahit,Oksouzian,1
Anisa,Noorassa,1
Arash,Ng,1
Ariana,Austin,1
Shadi,Aslebagh,1
Ardavan,Vaziri,1
Arian,Ahmadi,1
Ariana,Donya Bonni,1
Ariana,Emami,1
Arianne,Teherani,1
Armine,Avetisyan,1
Abdul,Rashidi,1
Abteen,Mirpour,1
Afsar,Farnoudi,1
Ali,Bozatli,1
Ali,Hadi Shenasa,1
Alireza,Abdollah Shamshirsaz,1
Amin,Skaf,1
Amir,Bahmani,1
Amjad Abbas,Mansour,1
Ara,Mahmoudi,1
Aram,Babayan,1
Hooman,Atighetchi,1
Humaira,Noor,1
Ardalan,Ghoorchian,1
Arezoo,Orouji,1
Arman,Akhbari,1
Arman,Ramezani,1
Arman,Sharoyan,1
Bita,Sadrossadat,1
Brenden,Kasravi,1
Dr. Amir,Rezaei,1
Elaha,Noori,1
Elham,Hassen,1
Erfan,Mojaddam,1
Fareed,Dibazar,1
Fariba,Enteshari,1
Fariba,Zarinebaf,1
Farid,Aframian,1
Farimah,Fazeli,1
Farishta,Ahmadi,1
Farshad,Hemmati,1
Farzana,Sharifi,1
Fatima,Shirin Afrakhteh,1
Ferima,Homayun,1
Ghazaleh,Ostovar,1
Gholam,Mahour,1
Hamid,Rahai,1
Haniyeh,Barahouie Pasandi,1
Jalal,Torabzadeh,1
Kasra,Diba,1
Kaveh,Ghods,1
Kaveh,Mohseni,1
Keyan,Matinpour,1
Khashayar,Pirouzmand,1
Kiana,Sedighpour,1
Kimia,Habibi,1
Lida,Ahmadi,1
Lina,Abdulaziz Mohamad,1
Mahan,Tajrobehkar,1
Mahdi,Bagheri,1
Mahdi H,Abdelaziz,1
Mahsa,Rezaei,1
Mahyar,Hashemian,1
Majid,Moghadam,1
Maryam,Habibian,1
Max,Noormohammadpour,1
Milad,Bader,1
Milad,El Jafari,1
Milad,Sabouri,1
Mina,Karzand,1
Mohammad,Dabbagh,1
Mohammad,Mehryar,1
Mohammad Saeed,Abrishami,1
Mojgan,Khalil Khosravi,1
Nadia,Kaveh,1
Nadia,Sayeh,1
Nahal,Lalefar,1
Nahal,Pourfard,1
Nahid,Yosufi,1
Narges,Maududi,1
Naser,Sadrossadat,1
Nasrin,Golshany,1
Navid,Khalighinejad,1
Nazanin,Malekzada,1
Neda,Bahrani,1
Neda,Salem,1
Negin,Almassi,1
Negin,Yavari,1
Nika,Moussavi,1
Niloofar,Kossari,1
Niloofar,Sharei,1
Niloufar,Mohammadi,1
Nima,Afshar,1
Nima,Khoshnevisan,1
Nima,Motazedi,1
Noor Mehraa,Latif,1
Ozeir,Nassery,1
Paniz,Hayati Rezvan,1
Parisa,Mosaheb,1
Parviz,Moin,1
Payman,Roghani,1
Pegah,Shahian,1
Pejman,Javaheri,1
Pooneh,Esfahani,1
Pooya,Khosravi,1
Pooyan,Farshidfard,1
Pouneh,Nikkhah Bahrami,1
Pouyan,Famini,1
Raha,Tajrishi,1
Ramin,Badri,1
Ramin,Esfandiari,1
Reza,Taheri,1
Rose,Mohammadi,1
Saba,Daneshmand,1
Saba,Sheikholeslami,1
Sadaf,Hashemian,1
Sahar,Hariri,1
Sahar,Mahboob,1
Sahar,Nikbakht Aali,1
Sarina,Moghtaderi Zadeh,1
Sasan,Delghandi,1
Sepideh,Shoaei,1
Setareh,Rafatirad,1
Seyed,Danial Mousavi Shakiba,1
Seyed,Hossein Hosseini Sharifi,1
Seyed,Miri,1
Seyed Hossein,Alavi,1
Shaida,Soroush,1
Shayan,Fakurnejad,1
Shayan,Ghara,1
Shima,Mousavi,1
Siavash,Mashayekh,1
Afshin,Farhadi,1
Ahamed,Arifraseeth Mohamed Ali,1
Ahmad,Karimi-Hakkak,1
Ahmad,Sadeghein,1
Aida,Rogers,1
Ali,Asgharzadeh Talebi,1
Ali,Mohammed Matai,1
Alireza,Delfarah,1
Amir,Hosseinian,1
Amir,Kalantari,1
Amir,Mojarradi,1
Amirali,Mazooji,1
Arash,Babadjouni,1
Arash,Nikoukari,1
Arghavan,Rezvani Dehaghani,1
Arian,Salimy,1
Arman,Manookian,1
Armin,Eghdami,1
Arta,Khosravi,1
Artemis,Berberyan,1
Arya,Dehghani,1
Arya,Khosravi,1
Aryan,Akhavan,1
Aryanna,Dashtgerd,1
Asa,Sharif,1
Ava,Kian,1
Babak,Razavi,1
Bahamin,Bazooyar,1
Baharak,Farzanmehr,1
Banafsheh,Jabarivelisdeh,1
Banafsheh,Shoushtari,1
Behnam,Hakimi,1
Bita,Beheshti,1
Bita,Fakhri,1
Bita,Karamzadeh,1
Shahram,Farhadi Nia,1
Shahryar,Rezaie,1
Shahrzad,Haji Amin Shirazi,1
Shirin,Jamali,1
Simin,Abtahi,1
Sina,Mohamad Hos Hosseinian,1
Sina,Shahnizadeh,1
Sofia,Salahpour,1
Sogol,Jafarian,1
Sonia,Nava,1
Soraya,Azari,1
Soroosh,Fatemi,1
Soroush,Ershadifar,1
Syed A,Sarmad,1
Tahereh,Mehrjerdy,1
Tina,Afshari,1
Tina,Haroutunian,1
Touraj,Daryaee,1
Yas,Moshfegh,1
Yasaman,Nejad,1
Yeganeh,Ali Mohammadi,1
Zahra,Ghafari,1
Zahra,Pegahrad,1
Balaji,Rathinasekaran,0
Daniel,Salazar,0
Faraz,Ehsan Bin Saif Rifat,0
Lobna,Hamed,0
Sanjit,Mitra,0
Yasmin,Briones,0
Aliya,Mahmoud,0
Amirali,Jiwani,0
Amjad,Askary,0
Anahit,Ashikyan,0
Anita,Bivens,0
Anita,Danielle Ortega,0
Anita,Flores,0
Anita,Ho,0
Anita,Kulkarni,0
Anita,Melkumyan,0
Anita,Theng,0
Ariana,Friedman,0
Ariana,Martinez,0
Christine,Yamaga Yam,0
Danielle,Kaho-Lolohea,0
Donna,Mcneese-Smith,0
Fatima,Beneta Mbaye,0
Hannah,Allison,0
Hannah,Decker,0
Hannah,Pham,0
Irene,Shemaria,0
Isa,K. Kitagawa,0
Leila,Monica Romero,0
Linda,Molina,0
Lisa Marie,Gallegos,0
Mary,Salzman,0
Max,Parry,0
Mina,Satoyoshi Liu,0
Nina,Ramchandani,0
Sahar,Masoudi Stephens,0
Sara,Tillema,0
Sarah,Khadiza Kabir,0
Sarah,Yae,0
Shireen,Saxena,0
Shiya,Goldstein,0
Shiva,Sundaram,0
Aida,Cortez,0
Aidan,Bruce Donnelly,0
Aliya Jacqueline,Shirif,0
Andrei,Minakov,0
Anita,Manuel,0
Anita,S Roberson,0
Ariana,Perez,0
